sAddress,rAddress,sMACs,rMACs,sIPs,rIPs,protocol,startDate,endDate,start,end,startOffset,endOffset,duration,sPackets,rPackets,sBytesSum,rBytesSum,sBytesMax,rBytesMax,sBytesMin,rBytesMin,sBytesAvg,rBytesAvg,sLoad,rLoad,sPayloadSum,rPayloadSum,sPayloadMax,rPayloadMax,sPayloadMin,rPayloadMin,sPayloadAvg,rPayloadAvg,sInterPacketAvg,rInterPacketAvg,sttl,rttl,sAckRate,rAckRate,sUrgRate,rUrgRate,sFinRate,rFinRate,sPshRate,rPshRate,sSynRate,rSynRate,sRstRate,rRstRate,sWinTCP,rWinTCP,sFragmentRate,rFragmentRate,sAckDelayMax,rAckDelayMax,sAckDelayMin,rAckDelayMin,sAckDelayAvg,rAckDelayAvg
192.168.95.10,192.168.95.2,00:0c:29:4b:33:f1,00:0c:29:e0:b6:b9,192.168.95.10,192.168.95.2,IPV4-TCP,2025-02-13 06:32:38.766157,2025-02-13 06:32:39.240242,1739399558.766157,1739399559.240242,0.0,0.474085,0.474086,28,30,1806,1938,65,67,64,52,64.5,64.6,30475.477,32702.921,350,378,13,15,12,0,12.5,12.6,0.01751948285985876,0.016334657011360956,64.0,64.0,1.0,1.0,0.0,0.0,0.0,0.0,1.0,0.933,0.0,0.0,0.0,0.0,227.0,457.0,0.0,0.0,0.001,0.039,0.0,0.0,0.000477,0.017165
192.168.95.11,192.168.95.2,00:0c:29:4b:33:f1,00:0c:29:e0:b6:b9,192.168.95.11,192.168.95.2,IPV4-TCP,2025-02-13 06:32:38.767572,2025-02-13 06:32:39.240921,1739399558.767572,1739399559.240921,0.001415,0.474764,0.47335,28,30,1806,1938,65,67,64,52,64.5,64.6,30522.863,32753.77,350,378,13,15,12,0,12.5,12.6,0.017511632707383897,0.016314070800255084,64.0,64.0,1.0,1.0,0.0,0.0,0.0,0.0,1.0,0.933,0.0,0.0,0.0,0.0,227.0,457.0,0.0,0.0,0.001,0.044,0.0,0.0,0.000362,0.017328
192.168.95.2,192.168.95.5,00:0c:29:e0:b6:b9,00:0c:29:07:f9:1e,192.168.95.2,192.168.95.5,IPV4-TCP,2025-02-13 06:32:38.768496,2025-02-13 06:32:39.219730,1739399558.768496,1739399559.21973,0.002339,0.453573,0.451235,21,32,1232,1764,87,64,52,52,58.667,55.125,21842.284,31274.179,100,60,35,12,0,0,4.762,1.875,0.0225447416305542,0.014555931091308594,64.0,64.0,1.0,0.844,0.0,0.0,0.286,0.188,0.238,0.156,0.238,0.156,0.0,0.0,7240.381,4755.719,0.0,0.0,0.002,0.051,0.0,0.0,0.00038,0.009838
192.168.95.12,192.168.95.2,00:0c:29:4b:33:f1,00:0c:29:e0:b6:b9,192.168.95.12,192.168.95.2,IPV4-TCP,2025-02-13 06:32:38.770090,2025-02-13 06:32:39.241597,1739399558.77009,1739399559.241597,0.003933,0.47544,0.471508,28,30,1806,1938,65,67,64,52,64.5,64.6,30642.121,32881.744,350,378,13,15,12,0,12.5,12.6,0.017446588586877892,0.016249821103852372,64.0,64.0,1.0,1.0,0.0,0.0,0.0,0.0,1.0,0.933,0.0,0.0,0.0,0.0,227.0,457.0,0.0,0.0,0.001,0.042,0.0,0.0,0.000313,0.017226
192.168.95.13,192.168.95.2,00:0c:29:4b:33:f1,00:0c:29:e0:b6:b9,192.168.95.13,192.168.95.2,IPV4-TCP,2025-02-13 06:32:38.770949,2025-02-13 06:32:39.242245,1739399558.770949,1739399559.242245,0.004792,0.476088,0.471297,28,30,1806,1938,65,67,64,52,64.5,64.6,30655.824,32896.449,350,378,13,15,12,0,12.5,12.6,0.017442182258323388,0.016243416687537884,64.0,64.0,1.0,1.0,0.0,0.0,0.0,0.0,1.0,0.933,0.0,0.0,0.0,0.0,227.0,457.0,0.0,0.0,0.0,0.042,0.0,0.0,0.000311,0.017342
192.168.95.14,192.168.95.2,00:0c:29:4b:33:f1,00:0c:29:e0:b6:b9,192.168.95.14,192.168.95.2,IPV4-TCP,2025-02-13 06:32:38.771705,2025-02-13 06:32:39.243162,1739399558.771705,1739399559.243162,0.005548,0.477005,0.471458,14,16,910,1000,65,64,65,52,65.0,62.5,15441.46,16968.638,182,168,13,12,13,0,13.0,10.5,0.036183999134944037,0.03137200673421224,64.0,64.0,1.0,1.0,0.0,0.0,0.0,0.0,1.0,0.875,0.0,0.0,0.0,0.0,227.0,457.0,0.0,0.0,0.003,0.042,0.001,0.0,0.001009,0.030492
192.168.95.15,192.168.95.2,00:0c:29:4b:33:f1,00:0c:29:e0:b6:b9,192.168.95.15,192.168.95.2,IPV4-TCP,2025-02-13 06:32:38.772854,2025-02-13 06:32:39.243958,1739399558.772854,1739399559.243958,0.006697,0.477801,0.471105,14,18,938,1104,67,64,67,52,67.0,61.333,15928.512,18747.417,210,168,15,12,15,0,15.0,9.333,0.03617138129014235,0.027667704750509822,64.0,64.0,1.0,1.0,0.0,0.0,0.0,0.0,1.0,0.778,0.0,0.0,0.0,0.0,227.0,457.0,0.0,0.0,0.001,0.042,0.001,0.0,0.000792,0.029407
192.168.95.10,192.168.95.2,00:0c:29:4b:33:f1,00:0c:29:e0:b6:b9,192.168.95.10,192.168.95.2,IPV4-TCP,2025-02-13 06:32:39.274656,2025-02-13 06:32:39.751917,1739399559.274656,1739399559.751917,0.508499,0.98576,0.477262,28,34,1806,2146,65,67,64,52,64.5,63.118,30272.691,35971.869,350,378,13,15,12,0,12.5,11.118,0.017660220464070637,0.01445533290053859,64.0,64.0,1.0,1.0,0.0,0.0,0.0,0.0,1.0,0.824,0.0,0.0,0.0,0.0,227.0,457.0,0.0,0.0,0.001,0.038,0.0,0.0,0.000412,0.017492
192.168.95.11,192.168.95.2,00:0c:29:4b:33:f1,00:0c:29:e0:b6:b9,192.168.95.11,192.168.95.2,IPV4-TCP,2025-02-13 06:32:39.275519,2025-02-13 06:32:39.752493,1739399559.275519,1739399559.752493,0.509362,0.986336,0.476975,28,32,1806,2042,65,67,64,52,64.5,63.812,30290.895,34249.174,350,378,13,15,12,0,12.5,11.812,0.017653924447518808,0.015379128917571037,64.0,64.0,1.0,1.0,0.0,0.0,0.0,0.0,1.0,0.875,0.0,0.0,0.0,0.0,227.0,457.0,0.0,0.0,0.003,0.038,0.0,0.0,0.000504,0.017301
192.168.95.12,192.168.95.2,00:0c:29:4b:33:f1,00:0c:29:e0:b6:b9,192.168.95.12,192.168.95.2,IPV4-TCP,2025-02-13 06:32:39.276114,2025-02-13 06:32:39.753053,1739399559.276114,1739399559.753053,0.509957,0.986896,0.47694,28,32,1806,2042,65,67,64,52,64.5,63.812,30293.121,34251.691,350,378,13,15,12,0,12.5,11.812,0.017654701515480323,0.01537793682467553,64.0,64.0,1.0,1.0,0.0,0.0,0.0,0.0,1.0,0.875,0.0,0.0,0.0,0.0,227.0,457.0,0.0,0.0,0.0,0.041,0.0,0.0,0.000283,0.017727
192.168.95.13,192.168.95.2,00:0c:29:4b:33:f1,00:0c:29:e0:b6:b9,192.168.95.13,192.168.95.2,IPV4-TCP,2025-02-13 06:32:39.276657,2025-02-13 06:32:39.753610,1739399559.276657,1739399559.75361,0.5105,0.987453,0.476954,28,32,1806,2042,65,67,64,52,64.5,63.812,30292.243,34250.697,350,378,13,15,12,0,12.5,11.812,0.017654622042620624,0.015378290607083228,64.0,64.0,1.0,1.0,0.0,0.0,0.0,0.0,1.0,0.875,0.0,0.0,0.0,0.0,227.0,457.0,0.0,0.0,0.003,0.041,0.0,0.0,0.000401,0.017577
192.168.95.14,192.168.95.2,00:0c:29:4b:33:f1,00:0c:29:e0:b6:b9,192.168.95.14,192.168.95.2,IPV4-TCP,2025-02-13 06:32:39.277213,2025-02-13 06:32:39.754546,1739399559.277213,1739399559.754546,0.511056,0.988389,0.477334,14,20,910,1208,65,64,65,52,65.0,60.4,15251.381,20245.789,182,168,13,12,13,0,13.0,8.4,0.036659845939049356,0.025074682737651625,64.0,64.0,1.0,1.0,0.0,0.0,0.0,0.0,1.0,0.7,0.0,0.0,0.0,0.0,227.0,457.0,0.0,0.0,0.001,0.041,0.001,0.0,0.000984,0.030429
192.168.95.15,192.168.95.2,00:0c:29:4b:33:f1,00:0c:29:e0:b6:b9,192.168.95.15,192.168.95.2,IPV4-TCP,2025-02-13 06:32:39.277991,2025-02-13 06:32:39.755326,1739399559.277991,1739399559.755326,0.511834,0.989169,0.477336,14,16,938,1000,67,64,67,52,67.0,62.5,15720.583,16759.684,210,168,15,12,15,0,15.0,10.5,0.03665423393249512,0.03177226384480794,64.0,64.0,1.0,1.0,0.0,0.0,0.0,0.0,1.0,0.875,0.0,0.0,0.0,0.0,227.0,457.0,0.0,0.0,0.004,0.038,0.001,0.0,0.001272,0.033103
192.168.95.2,192.168.95.5,00:0c:29:e0:b6:b9,00:0c:29:07:f9:1e,192.168.95.2,192.168.95.5,IPV4-TCP,2025-02-13 06:32:39.317354,2025-02-13 06:32:39.769418,1739399559.317354,1739399559.769418,0.551197,1.003261,0.452065,23,34,1379,1888,87,64,52,52,59.957,55.529,24403.568,33411.122,135,72,35,12,0,0,5.87,2.118,0.020540183240717106,0.013698910221909031,64.0,64.0,1.0,0.824,0.0,0.0,0.217,0.147,0.261,0.176,0.261,0.176,0.0,0.0,7889.609,5341.529,0.0,0.0,0.0,0.051,0.0,0.0,0.000118,0.00773
192.168.95.10,192.168.95.2,00:0c:29:4b:33:f1,00:0c:29:e0:b6:b9,192.168.95.10,192.168.95.2,IPV4-TCP,2025-02-13 06:32:39.786624,2025-02-13 06:32:40.272972,1739399559.786624,1739399560.272972,1.020467,1.506815,0.486349,28,34,1806,2146,65,67,64,52,64.5,63.118,29707.053,35299.743,350,378,13,15,12,0,12.5,11.118,0.01799122492472331,0.014729362545591412,64.0,64.0,1.0,1.0,0.0,0.0,0.0,0.0,1.0,0.824,0.0,0.0,0.0,0.0,227.0,457.0,0.0,0.0,0.003,0.039,0.0,0.0,0.000529,0.017728
192.168.95.11,192.168.95.2,00:0c:29:4b:33:f1,00:0c:29:e0:b6:b9,192.168.95.11,192.168.95.2,IPV4-TCP,2025-02-13 06:32:39.787577,2025-02-13 06:32:40.273753,1739399559.787577,1739399560.273753,1.02142,1.507596,0.486177,28,36,1806,2250,65,67,64,52,64.5,62.5,29717.571,37023.552,350,378,13,15,12,0,12.5,10.5,0.017992143277768737,0.013880143846784319,64.0,64.0,1.0,1.0,0.0,0.0,0.0,0.0,1.0,0.778,0.0,0.0,0.0,0.0,227.0,457.0,0.0,0.0,0.003,0.041,0.0,0.0,0.000411,0.017961
192.168.95.12,192.168.95.2,00:0c:29:4b:33:f1,00:0c:29:e0:b6:b9,192.168.95.12,192.168.95.2,IPV4-TCP,2025-02-13 06:32:39.788236,2025-02-13 06:32:40.274439,1739399559.788236,1739399560.274439,1.022079,1.508282,0.486204,28,32,1806,2042,65,67,64,52,64.5,63.812,29715.91,33599.052,350,378,13,15,12,0,12.5,11.812,0.017995189737390588,0.015675037137923703,64.0,64.0,1.0,1.0,0.0,0.0,0.0,0.0,1.0,0.875,0.0,0.0,0.0,0.0,227.0,457.0,0.0,0.0,0.003,0.041,0.0,0.0,0.000498,0.017823
192.168.95.13,192.168.95.2,00:0c:29:4b:33:f1,00:0c:29:e0:b6:b9,192.168.95.13,192.168.95.2,IPV4-TCP,2025-02-13 06:32:39.788840,2025-02-13 06:32:40.275066,1739399559.78884,1739399560.275066,1.022683,1.508909,0.486227,28,36,1806,2250,65,67,64,52,64.5,62.5,29714.526,37019.758,350,378,13,15,12,0,12.5,10.5,0.017993326540346497,0.013884884970528739,64.0,64.0,1.0,1.0,0.0,0.0,0.0,0.0,1.0,0.778,0.0,0.0,0.0,0.0,227.0,457.0,0.0,0.0,0.001,0.041,0.0,0.0,0.000319,0.018077
192.168.95.14,192.168.95.2,00:0c:29:4b:33:f1,00:0c:29:e0:b6:b9,192.168.95.14,192.168.95.2,IPV4-TCP,2025-02-13 06:32:39.789578,2025-02-13 06:32:40.275923,1739399559.789578,1739399560.275923,1.023421,1.509766,0.486346,14,22,910,1312,65,64,65,52,65.0,59.636,14968.765,21581.341,182,168,13,12,13,0,13.0,7.636,0.03731931172884428,0.023120335170200894,64.0,64.0,1.0,1.0,0.0,0.0,0.0,0.0,1.0,0.636,0.0,0.0,0.0,0.0,227.0,457.0,0.0,0.0,0.001,0.041,0.001,0.0,0.000926,0.029944
192.168.95.15,192.168.95.2,00:0c:29:4b:33:f1,00:0c:29:e0:b6:b9,192.168.95.15,192.168.95.2,IPV4-TCP,2025-02-13 06:32:39.790814,2025-02-13 06:32:40.276710,1739399559.790814,1739399560.27671,1.024657,1.510553,0.485897,14,19,938,1156,67,64,67,52,67.0,60.842,15443.599,19032.836,210,168,15,12,15,0,15.0,8.842,0.03708446942842924,0.02695212099287245,64.0,64.0,1.0,1.0,0.0,0.0,0.0,0.0,1.0,0.737,0.0,0.0,0.0,0.0,227.0,457.0,0.0,0.0,0.004,0.038,0.001,0.0,0.001644,0.029806
192.168.95.2,192.168.95.5,00:0c:29:e0:b6:b9,00:0c:29:07:f9:1e,192.168.95.2,192.168.95.5,IPV4-TCP,2025-02-13 06:32:39.821848,2025-02-13 06:32:40.318715,1739399559.821848,1739399560.318715,1.055691,1.552558,0.496868,20,30,1205,1660,87,64,52,52,60.25,55.333,19401.524,26727.411,125,60,35,12,0,0,6.25,2.0,0.026130199432373047,0.01713335103002088,64.0,64.0,1.0,0.833,0.0,0.0,0.25,0.167,0.25,0.167,0.25,0.167,0.0,0.0,7579.75,5057.5,0.0,0.0,0.0,0.051,0.0,0.0,0.000162,0.00867
192.168.95.10,192.168.95.2,00:0c:29:4b:33:f1,00:0c:29:e0:b6:b9,192.168.95.10,192.168.95.2,IPV4-TCP,2025-02-13 06:32:40.307181,2025-02-13 06:32:40.799563,1739399560.307181,1739399560.799563,1.541024,2.033406,0.492383,30,30,1935,1965,65,67,64,64,64.5,65.5,31438.938,31926.363,375,405,13,15,12,12,12.5,13.5,0.01695520302345013,0.01696952458085685,64.0,64.0,1.0,1.0,0.0,0.0,0.0,0.0,1.0,1.0,0.0,0.0,0.0,0.0,227.0,457.0,0.0,0.0,0.001,0.035,0.0,0.0,0.000433,0.016531
192.168.95.11,192.168.95.2,00:0c:29:4b:33:f1,00:0c:29:e0:b6:b9,192.168.95.11,192.168.95.2,IPV4-TCP,2025-02-13 06:32:40.308269,2025-02-13 06:32:40.800450,1739399560.308269,1739399560.80045,1.542112,2.034293,0.492182,30,30,1935,1965,65,67,64,64,64.5,65.5,31451.776,31939.4,375,405,13,15,12,12,12.5,13.5,0.016962552892750705,0.016956312903042496,64.0,64.0,1.0,1.0,0.0,0.0,0.0,0.0,1.0,1.0,0.0,0.0,0.0,0.0,227.0,457.0,0.0,0.0,0.0,0.035,0.0,0.0,0.000287,0.016674
192.168.95.12,192.168.95.2,00:0c:29:4b:33:f1,00:0c:29:e0:b6:b9,192.168.95.12,192.168.95.2,IPV4-TCP,2025-02-13 06:32:40.308838,2025-02-13 06:32:40.801368,1739399560.308838,1739399560.801368,1.542681,2.035211,0.492531,30,30,1935,1965,65,67,64,64,64.5,65.5,31429.487,31916.766,375,405,13,15,12,12,12.5,13.5,0.01697513974946121,0.016973347499452788,64.0,64.0,1.0,1.0,0.0,0.0,0.0,0.0,1.0,1.0,0.0,0.0,0.0,0.0,227.0,457.0,0.0,0.0,0.001,0.035,0.0,0.0,0.00029,0.016684
192.168.95.13,192.168.95.2,00:0c:29:4b:33:f1,00:0c:29:e0:b6:b9,192.168.95.13,192.168.95.2,IPV4-TCP,2025-02-13 06:32:40.309368,2025-02-13 06:32:40.801975,1739399560.309368,1739399560.801975,1.543211,2.035818,0.492608,30,30,1935,1965,65,67,64,64,64.5,65.5,31424.574,31911.776,375,405,13,15,12,12,12.5,13.5,0.016966688221898573,0.0169785187162202,64.0,64.0,1.0,1.0,0.0,0.0,0.0,0.0,1.0,1.0,0.0,0.0,0.0,0.0,227.0,457.0,0.0,0.0,0.001,0.035,0.0,0.0,0.000287,0.01669
192.168.95.14,192.168.95.2,00:0c:29:4b:33:f1,00:0c:29:e0:b6:b9,192.168.95.14,192.168.95.2,IPV4-TCP,2025-02-13 06:32:40.310376,2025-02-13 06:32:40.802898,1739399560.310376,1739399560.802898,1.544219,2.036741,0.492523,15,15,975,960,65,64,65,64,65.0,64.0,15836.824,15593.18,195,180,13,12,13,12,13.0,12.0,0.03512670312608991,0.03511585508074079,64.0,64.0,1.0,1.0,0.0,0.0,0.0,0.0,1.0,1.0,0.0,0.0,0.0,0.0,227.0,457.0,0.0,0.0,0.001,0.035,0.001,0.034,0.000874,0.034244
192.168.95.15,192.168.95.2,00:0c:29:4b:33:f1,00:0c:29:e0:b6:b9,192.168.95.15,192.168.95.2,IPV4-TCP,2025-02-13 06:32:40.311149,2025-02-13 06:32:40.803710,1739399560.311149,1739399560.80371,1.544992,2.037553,0.492562,15,15,1005,960,67,64,67,64,67.0,64.0,16322.815,15591.943,225,180,15,12,15,12,15.0,12.0,0.03511485031672886,0.03512665203639439,64.0,64.0,1.0,1.0,0.0,0.0,0.0,0.0,1.0,1.0,0.0,0.0,0.0,0.0,227.0,457.0,0.0,0.0,0.001,0.035,0.001,0.033,0.000845,0.034278
192.168.95.2,192.168.95.5,00:0c:29:e0:b6:b9,00:0c:29:07:f9:1e,192.168.95.2,192.168.95.5,IPV4-TCP,2025-02-13 06:32:40.369072,2025-02-13 06:32:40.820563,1739399560.369072,1739399560.820563,1.602915,2.054406,0.451492,21,32,1232,1764,87,64,52,52,58.667,55.125,21829.838,31256.36,100,60,35,12,0,0,4.762,1.875,0.022554099559783936,0.014564229596045709,64.0,64.0,1.0,0.844,0.0,0.0,0.286,0.188,0.238,0.156,0.238,0.156,0.0,0.0,7240.381,4755.719,0.0,0.0,0.0,0.051,0.0,0.0,0.000147,0.009937
192.168.95.10,192.168.95.2,00:0c:29:4b:33:f1,00:0c:29:e0:b6:b9,192.168.95.10,192.168.95.2,IPV4-TCP,2025-02-13 06:32:40.834217,2025-02-13 06:32:41.333629,1739399560.834217,1739399561.333629,2.06806,2.567472,0.499413,30,30,1935,1965,65,67,64,64,64.5,65.5,30996.401,31476.965,375,405,13,15,12,12,12.5,13.5,0.01720302680443073,0.017209513434048355,64.0,64.0,1.0,1.0,0.0,0.0,0.0,0.0,1.0,1.0,0.0,0.0,0.0,0.0,227.0,457.0,0.0,0.0,0.001,0.036,0.0,0.0,0.000433,0.016774
192.168.95.11,192.168.95.2,00:0c:29:4b:33:f1,00:0c:29:e0:b6:b9,192.168.95.11,192.168.95.2,IPV4-TCP,2025-02-13 06:32:40.835158,2025-02-13 06:32:41.334538,1739399560.835158,1739399561.334538,2.069001,2.568381,0.499381,30,30,1935,1965,65,67,64,64,64.5,65.5,30998.384,31478.979,375,405,13,15,12,12,12.5,13.5,0.017204720398475384,0.017206685296420395,64.0,64.0,1.0,1.0,0.0,0.0,0.0,0.0,1.0,1.0,0.0,0.0,0.0,0.0,227.0,457.0,0.0,0.0,0.001,0.036,0.0,0.0,0.000358,0.01685
192.168.95.12,192.168.95.2,00:0c:29:4b:33:f1,00:0c:29:e0:b6:b9,192.168.95.12,192.168.95.2,IPV4-TCP,2025-02-13 06:32:40.835920,2025-02-13 06:32:41.335459,1739399560.83592,1739399561.335459,2.069763,2.569302,0.49954,30,30,1935,1965,65,67,64,64,64.5,65.5,30988.516,31468.958,375,405,13,15,12,12,12.5,13.5,0.017214553109530746,0.017212826630164837,64.0,64.0,1.0,1.0,0.0,0.0,0.0,0.0,1.0,1.0,0.0,0.0,0.0,0.0,227.0,457.0,0.0,0.0,0.001,0.036,0.0,0.0,0.000324,0.01689
192.168.95.13,192.168.95.2,00:0c:29:4b:33:f1,00:0c:29:e0:b6:b9,192.168.95.13,192.168.95.2,IPV4-TCP,2025-02-13 06:32:40.836508,2025-02-13 06:32:41.336212,1739399560.836508,1739399561.336212,2.070351,2.570055,0.499705,30,30,1935,1965,65,67,64,64,64.5,65.5,30978.284,31458.568,375,405,13,15,12,12,12.5,13.5,0.01722041491804452,0.017221138395112138,64.0,64.0,1.0,1.0,0.0,0.0,0.0,0.0,1.0,1.0,0.0,0.0,0.0,0.0,227.0,457.0,0.0,0.0,0.0,0.036,0.0,0.0,0.00031,0.01691
192.168.95.14,192.168.95.2,00:0c:29:4b:33:f1,00:0c:29:e0:b6:b9,192.168.95.14,192.168.95.2,IPV4-TCP,2025-02-13 06:32:40.837087,2025-02-13 06:32:41.336240,1739399560.837087,1739399561.33624,2.07093,2.570083,0.499154,14,15,910,960,65,64,65,64,65.0,64.0,14584.673,15386.029,182,180,13,12,13,12,13.0,12.0,0.03562338535602276,0.03565379551478794,64.0,64.0,1.0,1.0,0.0,0.0,0.0,0.0,1.0,1.0,0.0,0.0,0.0,0.0,227.0,457.0,0.0,0.0,0.002,0.035,0.001,0.034,0.00104,0.034614
192.168.95.15,192.168.95.2,00:0c:29:4b:33:f1,00:0c:29:e0:b6:b9,192.168.95.15,192.168.95.2,IPV4-TCP,2025-02-13 06:32:40.837985,2025-02-13 06:32:41.337435,1739399560.837985,1739399561.337435,2.071828,2.571278,0.499451,14,15,938,960,67,64,67,64,67.0,64.0,15024.498,15376.885,210,180,15,12,15,12,15.0,12.0,0.035619919116680436,0.03567499773842948,64.0,64.0,1.0,1.0,0.0,0.0,0.0,0.0,1.0,1.0,0.0,0.0,0.0,0.0,227.0,457.0,0.0,0.0,0.001,0.036,0.001,0.034,0.000929,0.034746
192.168.95.2,192.168.95.5,00:0c:29:e0:b6:b9,00:0c:29:07:f9:1e,192.168.95.2,192.168.95.5,IPV4-TCP,2025-02-13 06:32:40.916777,2025-02-13 06:32:41.369682,1739399560.916777,1739399561.369682,2.15062,2.603525,0.452906,23,34,1379,1888,87,64,52,52,59.957,55.529,24358.246,33349.07,135,72,35,12,0,0,5.87,2.118,0.02057704058560458,0.013724399335456617,64.0,64.0,1.0,0.824,0.0,0.0,0.217,0.147,0.261,0.176,0.261,0.176,0.0,0.0,7889.609,5341.529,0.0,0.0,0.001,0.051,0.0,0.0,0.000156,0.007449
192.168.95.14,192.168.95.2,00:0c:29:4b:33:f1,00:0c:29:e0:b6:b9,192.168.95.14,192.168.95.2,IPV4-TCP,2025-02-13 06:32:41.337405,2025-02-13 06:32:41.830168,1739399561.337405,1739399561.830168,2.571248,3.064011,0.492764,15,14,975,896,65,64,65,64,65.0,64.0,15829.077,14546.516,195,168,13,12,13,12,13.0,12.0,0.035197360174996514,0.03518383319561298,64.0,64.0,1.0,1.0,0.0,0.0,0.0,0.0,1.0,1.0,0.0,0.0,0.0,0.0,227.0,457.0,0.0,0.0,0.001,0.035,0.001,0.034,0.000872,0.034326
192.168.95.15,192.168.95.2,00:0c:29:4b:33:f1,00:0c:29:e0:b6:b9,192.168.95.15,192.168.95.2,IPV4-TCP,2025-02-13 06:32:41.338266,2025-02-13 06:32:41.830981,1739399561.338266,1739399561.830981,2.572109,3.064824,0.492716,15,14,1005,896,67,64,67,64,67.0,64.0,16317.713,14547.931,225,168,15,12,15,12,15.0,12.0,0.03519393716539655,0.035185777224027194,64.0,64.0,1.0,1.0,0.0,0.0,0.0,0.0,1.0,1.0,0.0,0.0,0.0,0.0,227.0,457.0,0.0,0.0,0.001,0.035,0.001,0.034,0.000804,0.03439
192.168.95.10,192.168.95.2,00:0c:29:4b:33:f1,00:0c:29:e0:b6:b9,192.168.95.10,192.168.95.2,IPV4-TCP,2025-02-13 06:32:41.368825,2025-02-13 06:32:41.862181,1739399561.368825,1739399561.862181,2.602668,3.096024,0.493357,30,30,1935,1965,65,67,64,64,64.5,65.5,31376.874,31863.337,375,405,13,15,12,12,12.5,13.5,0.01699465718762628,0.01700296895257358,64.0,64.0,1.0,1.0,0.0,0.0,0.0,0.0,1.0,1.0,0.0,0.0,0.0,0.0,227.0,457.0,0.0,0.0,0.001,0.035,0.0,0.0,0.00042,0.016578
192.168.95.11,192.168.95.2,00:0c:29:4b:33:f1,00:0c:29:e0:b6:b9,192.168.95.11,192.168.95.2,IPV4-TCP,2025-02-13 06:32:41.369705,2025-02-13 06:32:41.862859,1739399561.369705,1739399561.862859,2.603548,3.096702,0.493155,30,30,1935,1965,65,67,64,64,64.5,65.5,31389.722,31876.385,375,405,13,15,12,12,12.5,13.5,0.01699251964174468,0.01699662208557129,64.0,64.0,1.0,1.0,0.0,0.0,0.0,0.0,1.0,1.0,0.0,0.0,0.0,0.0,227.0,457.0,0.0,0.0,0.001,0.035,0.0,0.0,0.000323,0.016671
192.168.95.12,192.168.95.2,00:0c:29:4b:33:f1,00:0c:29:e0:b6:b9,192.168.95.12,192.168.95.2,IPV4-TCP,2025-02-13 06:32:41.370473,2025-02-13 06:32:41.863592,1739399561.370473,1739399561.863592,2.604316,3.097435,0.49312,30,30,1935,1965,65,67,64,64,64.5,65.5,31391.953,31878.65,375,405,13,15,12,12,12.5,13.5,0.016992207231192755,0.01699417212913776,64.0,64.0,1.0,1.0,0.0,0.0,0.0,0.0,1.0,1.0,0.0,0.0,0.0,0.0,227.0,457.0,0.0,0.0,0.0,0.036,0.0,0.0,0.000295,0.016699
192.168.95.13,192.168.95.2,00:0c:29:4b:33:f1,00:0c:29:e0:b6:b9,192.168.95.13,192.168.95.2,IPV4-TCP,2025-02-13 06:32:41.371139,2025-02-13 06:32:41.864332,1739399561.371139,1739399561.864332,2.604982,3.098175,0.493194,30,30,1935,1965,65,67,64,64,64.5,65.5,31387.249,31873.873,375,405,13,15,12,12,12.5,13.5,0.016994237899780273,0.016995413550015152,64.0,64.0,1.0,1.0,0.0,0.0,0.0,0.0,1.0,1.0,0.0,0.0,0.0,0.0,227.0,457.0,0.0,0.0,0.0,0.036,0.0,0.0,0.000292,0.016704
192.168.95.2,192.168.95.5,00:0c:29:e0:b6:b9,00:0c:29:07:f9:1e,192.168.95.2,192.168.95.5,IPV4-TCP,2025-02-13 06:32:41.419623,2025-02-13 06:32:41.917253,1739399561.419623,1739399561.917253,2.653466,3.151096,0.497631,20,30,1205,1660,87,64,52,52,60.25,55.333,19371.779,26686.434,125,60,35,12,0,0,6.25,2.0,0.02617494683516653,0.01715965928702519,64.0,64.0,1.0,0.833,0.0,0.0,0.25,0.167,0.25,0.167,0.25,0.167,0.0,0.0,7579.75,5057.5,0.0,0.0,0.0,0.051,0.0,0.0,0.000114,0.008621
192.168.95.14,192.168.95.2,00:0c:29:4b:33:f1,00:0c:29:e0:b6:b9,192.168.95.14,192.168.95.2,IPV4-TCP,2025-02-13 06:32:41.864358,2025-02-13 06:32:42.359934,1739399561.864358,1739399562.359934,3.098201,3.593777,0.495577,15,15,975,960,65,64,65,64,65.0,64.0,15739.225,15497.083,195,180,13,12,13,12,13.0,12.0,0.0353362900870187,0.03533250944955008,64.0,64.0,1.0,1.0,0.0,0.0,0.0,0.0,1.0,1.0,0.0,0.0,0.0,0.0,227.0,457.0,0.0,0.0,0.001,0.035,0.001,0.034,0.000942,0.034389
192.168.95.15,192.168.95.2,00:0c:29:4b:33:f1,00:0c:29:e0:b6:b9,192.168.95.15,192.168.95.2,IPV4-TCP,2025-02-13 06:32:41.865256,2025-02-13 06:32:42.360786,1739399561.865256,1739399562.360786,3.099099,3.594629,0.495531,15,15,1005,960,67,64,67,64,67.0,64.0,16225.023,15498.529,225,180,15,12,15,12,15.0,12.0,0.03533886160169329,0.03533792495727539,64.0,64.0,1.0,1.0,0.0,0.0,0.0,0.0,1.0,1.0,0.0,0.0,0.0,0.0,227.0,457.0,0.0,0.0,0.001,0.035,0.001,0.034,0.000804,0.034533
192.168.95.10,192.168.95.2,00:0c:29:4b:33:f1,00:0c:29:e0:b6:b9,192.168.95.10,192.168.95.2,IPV4-TCP,2025-02-13 06:32:41.896411,2025-02-13 06:32:42.391957,1739399561.896411,1739399562.391957,3.130254,3.6258,0.495547,30,30,1935,1965,65,67,64,64,64.5,65.5,31238.201,31722.514,375,405,13,15,12,12,12.5,13.5,0.01706958639210668,0.01707765973847488,64.0,64.0,1.0,1.0,0.0,0.0,0.0,0.0,1.0,1.0,0.0,0.0,0.0,0.0,227.0,457.0,0.0,0.0,0.001,0.035,0.0,0.0,0.000446,0.016626
192.168.95.11,192.168.95.2,00:0c:29:4b:33:f1,00:0c:29:e0:b6:b9,192.168.95.11,192.168.95.2,IPV4-TCP,2025-02-13 06:32:41.897338,2025-02-13 06:32:42.392721,1739399561.897338,1739399562.392721,3.131181,3.626564,0.495384,30,30,1935,1965,65,67,64,64,64.5,65.5,31248.484,31732.957,375,405,13,15,12,12,12.5,13.5,0.0170686491604509,0.017071345756793845,64.0,64.0,1.0,1.0,0.0,0.0,0.0,0.0,1.0,1.0,0.0,0.0,0.0,0.0,227.0,457.0,0.0,0.0,0.001,0.036,0.0,0.0,0.000326,0.016745
192.168.95.12,192.168.95.2,00:0c:29:4b:33:f1,00:0c:29:e0:b6:b9,192.168.95.12,192.168.95.2,IPV4-TCP,2025-02-13 06:32:41.898101,2025-02-13 06:32:42.393431,1739399561.898101,1739399562.393431,3.131944,3.627274,0.495331,30,30,1935,1965,65,67,64,64,64.5,65.5,31251.839,31736.363,375,405,13,15,12,12,12.5,13.5,0.0170671035503519,0.017070063229264885,64.0,64.0,1.0,1.0,0.0,0.0,0.0,0.0,1.0,1.0,0.0,0.0,0.0,0.0,227.0,457.0,0.0,0.0,0.0,0.035,0.0,0.0,0.000302,0.016768
192.168.95.13,192.168.95.2,00:0c:29:4b:33:f1,00:0c:29:e0:b6:b9,192.168.95.13,192.168.95.2,IPV4-TCP,2025-02-13 06:32:41.898836,2025-02-13 06:32:42.394151,1739399561.898836,1739399562.394151,3.132679,3.627994,0.495316,30,30,1935,1965,65,67,64,64,64.5,65.5,31252.771,31737.31,375,405,13,15,12,12,12.5,13.5,0.017067481731546336,0.01706980014669484,64.0,64.0,1.0,1.0,0.0,0.0,0.0,0.0,1.0,1.0,0.0,0.0,0.0,0.0,227.0,457.0,0.0,0.0,0.001,0.035,0.0,0.0,0.000321,0.016747
192.168.95.2,192.168.95.5,00:0c:29:e0:b6:b9,00:0c:29:07:f9:1e,192.168.95.2,192.168.95.5,IPV4-TCP,2025-02-13 06:32:41.967891,2025-02-13 06:32:42.369313,1739399561.967891,1739399562.369313,3.201734,3.603156,0.401423,21,32,1232,1764,87,64,52,52,58.667,55.125,24552.652,35154.934,100,60,35,12,0,0,4.762,1.875,0.02005114555358887,0.012949097541070754,64.0,64.0,1.0,0.844,0.0,0.0,0.286,0.188,0.238,0.156,0.238,0.156,0.0,0.0,7240.381,4755.719,0.0,0.0,0.001,0.051,0.0,0.0,0.00014,0.006051
192.168.95.14,192.168.95.2,00:0c:29:4b:33:f1,00:0c:29:e0:b6:b9,192.168.95.14,192.168.95.2,IPV4-TCP,2025-02-13 06:32:42.394189,2025-02-13 06:32:42.864933,1739399562.394189,1739399562.864933,3.628032,4.098776,0.470745,14,14,910,896,65,64,65,64,65.0,64.0,15464.844,15226.923,182,168,13,12,13,12,13.0,12.0,0.03613792932950533,0.03613747083223783,64.0,64.0,1.0,1.0,0.0,0.0,0.0,0.0,1.0,1.0,0.0,0.0,0.0,0.0,227.0,457.0,0.0,0.0,0.002,0.037,0.001,0.034,0.001182,0.034938
192.168.95.15,192.168.95.2,00:0c:29:4b:33:f1,00:0c:29:e0:b6:b9,192.168.95.15,192.168.95.2,IPV4-TCP,2025-02-13 06:32:42.395181,2025-02-13 06:32:42.865842,1739399562.395181,1739399562.865842,3.629024,4.099685,0.470662,14,18,938,1104,67,64,67,52,67.0,61.333,15943.495,18765.052,210,168,15,12,15,0,15.0,9.333,0.036141395568847656,0.027634115780101103,64.0,64.0,1.0,1.0,0.0,0.0,0.0,0.0,1.0,0.778,0.0,0.0,0.0,0.0,227.0,457.0,0.0,0.0,0.001,0.038,0.001,0.0,0.000899,0.031285
192.168.95.10,192.168.95.2,00:0c:29:4b:33:f1,00:0c:29:e0:b6:b9,192.168.95.10,192.168.95.2,IPV4-TCP,2025-02-13 06:32:42.426281,2025-02-13 06:32:42.897389,1739399562.426281,1739399562.897389,3.660124,4.131232,0.471109,28,32,1806,2042,65,67,64,52,64.5,63.812,30668.065,34675.63,350,378,13,15,12,0,12.5,11.812,0.01742855707804362,0.015184579357024162,64.0,64.0,1.0,1.0,0.0,0.0,0.0,0.0,1.0,0.875,0.0,0.0,0.0,0.0,227.0,457.0,0.0,0.0,0.001,0.038,0.0,0.0,0.000519,0.017087
192.168.95.11,192.168.95.2,00:0c:29:4b:33:f1,00:0c:29:e0:b6:b9,192.168.95.11,192.168.95.2,IPV4-TCP,2025-02-13 06:32:42.427200,2025-02-13 06:32:42.898543,1739399562.4272,1739399562.898543,3.661043,4.132386,0.471344,28,28,1806,1834,65,67,64,64,64.5,65.5,30652.785,31128.021,350,378,13,15,12,12,12.5,13.5,0.01744336552090115,0.017441961500379775,64.0,64.0,1.0,1.0,0.0,0.0,0.0,0.0,1.0,1.0,0.0,0.0,0.0,0.0,227.0,457.0,0.0,0.0,0.001,0.037,0.0,0.0,0.000395,0.017048
192.168.95.12,192.168.95.2,00:0c:29:4b:33:f1,00:0c:29:e0:b6:b9,192.168.95.12,192.168.95.2,IPV4-TCP,2025-02-13 06:32:42.427880,2025-02-13 06:32:42.899376,1739399562.42788,1739399562.899376,3.661723,4.133219,0.471497,28,30,1806,1938,65,67,64,52,64.5,64.6,30642.834,32882.509,350,378,13,15,12,0,12.5,12.6,0.017450403284143517,0.016248242608432113,64.0,64.0,1.0,1.0,0.0,0.0,0.0,0.0,1.0,0.933,0.0,0.0,0.0,0.0,227.0,457.0,0.0,0.0,0.001,0.038,0.0,0.0,0.000339,0.017188
192.168.95.13,192.168.95.2,00:0c:29:4b:33:f1,00:0c:29:e0:b6:b9,192.168.95.13,192.168.95.2,IPV4-TCP,2025-02-13 06:32:42.428528,2025-02-13 06:32:42.900278,1739399562.428528,1739399562.900278,3.662371,4.134121,0.471751,28,30,1806,1938,65,67,64,52,64.5,64.6,30626.325,32864.794,350,378,13,15,12,0,12.5,12.6,0.01745578094764992,0.016252649241480333,64.0,64.0,1.0,1.0,0.0,0.0,0.0,0.0,1.0,0.933,0.0,0.0,0.0,0.0,227.0,457.0,0.0,0.0,0.001,0.038,0.0,0.0,0.000366,0.017174
192.168.95.2,192.168.95.5,00:0c:29:e0:b6:b9,00:0c:29:07:f9:1e,192.168.95.2,192.168.95.5,IPV4-TCP,2025-02-13 06:32:42.517524,2025-02-13 06:32:42.969339,1739399562.517524,1739399562.969339,3.751367,4.203182,0.451816,24,36,1431,1992,87,64,52,52,59.625,55.333,25337.754,35271.004,135,72,35,12,0,0,5.625,2.0,0.019635656605596127,0.012908996854509627,64.0,64.0,1.0,0.833,0.0,0.0,0.25,0.167,0.25,0.167,0.25,0.167,0.0,0.0,7579.75,5057.5,0.0,0.0,0.001,0.052,0.0,0.0,0.000181,0.008676
192.168.95.14,192.168.95.2,00:0c:29:4b:33:f1,00:0c:29:e0:b6:b9,192.168.95.14,192.168.95.2,IPV4-TCP,2025-02-13 06:32:42.900307,2025-02-13 06:32:43.367247,1739399562.900307,1739399563.367247,4.13415,4.60109,0.466941,14,14,910,896,65,64,65,64,65.0,64.0,15590.829,15350.97,182,168,13,12,13,12,13.0,12.0,0.03584124491764949,0.035860465123103216,64.0,64.0,1.0,1.0,0.0,0.0,0.0,0.0,1.0,1.0,0.0,0.0,0.0,0.0,227.0,457.0,0.0,0.0,0.002,0.036,0.001,0.034,0.001128,0.034704
192.168.95.15,192.168.95.2,00:0c:29:4b:33:f1,00:0c:29:e0:b6:b9,192.168.95.15,192.168.95.2,IPV4-TCP,2025-02-13 06:32:42.901341,2025-02-13 06:32:43.367967,1739399562.901341,1739399563.367967,4.135184,4.60181,0.466627,14,16,938,1000,67,64,67,52,67.0,62.5,16081.369,17144.317,210,168,15,12,15,0,15.0,10.5,0.035826536325307995,0.031063540776570638,64.0,64.0,1.0,1.0,0.0,0.0,0.0,0.0,1.0,0.875,0.0,0.0,0.0,0.0,227.0,457.0,0.0,0.0,0.002,0.037,0.001,0.0,0.000929,0.032714
192.168.95.10,192.168.95.2,00:0c:29:4b:33:f1,00:0c:29:e0:b6:b9,192.168.95.10,192.168.95.2,IPV4-TCP,2025-02-13 06:32:42.932707,2025-02-13 06:32:43.399561,1739399562.932707,1739399563.399561,4.16655,4.633404,0.466855,28,30,1806,1938,65,67,64,52,64.5,64.6,30947.52,33209.465,350,378,13,15,12,0,12.5,12.6,0.017268957915129484,0.016086413942534347,64.0,64.0,1.0,1.0,0.0,0.0,0.0,0.0,1.0,0.933,0.0,0.0,0.0,0.0,227.0,457.0,0.0,0.0,0.001,0.037,0.0,0.0,0.000456,0.016937
192.168.95.11,192.168.95.2,00:0c:29:4b:33:f1,00:0c:29:e0:b6:b9,192.168.95.11,192.168.95.2,IPV4-TCP,2025-02-13 06:32:42.933854,2025-02-13 06:32:43.400311,1739399562.933854,1739399563.400311,4.167697,4.634154,0.466458,28,28,1806,1834,65,67,64,64,64.5,65.5,30973.857,31454.072,350,378,13,15,12,12,12.5,13.5,0.017251818268387405,0.017267659858421044,64.0,64.0,1.0,1.0,0.0,0.0,0.0,0.0,1.0,1.0,0.0,0.0,0.0,0.0,227.0,457.0,0.0,0.0,0.001,0.037,0.0,0.0,0.000356,0.016907
192.168.95.12,192.168.95.2,00:0c:29:4b:33:f1,00:0c:29:e0:b6:b9,192.168.95.12,192.168.95.2,IPV4-TCP,2025-02-13 06:32:42.934955,2025-02-13 06:32:43.400973,1739399562.934955,1739399563.400973,4.168798,4.634816,0.466019,28,28,1806,1834,65,67,64,64,64.5,65.5,31003.014,31483.681,350,378,13,15,12,12,12.5,13.5,0.01724629931979709,0.017251712304574472,64.0,64.0,1.0,1.0,0.0,0.0,0.0,0.0,1.0,1.0,0.0,0.0,0.0,0.0,227.0,457.0,0.0,0.0,0.001,0.037,0.0,0.0,0.000328,0.01692
192.168.95.13,192.168.95.2,00:0c:29:4b:33:f1,00:0c:29:e0:b6:b9,192.168.95.13,192.168.95.2,IPV4-TCP,2025-02-13 06:32:42.936049,2025-02-13 06:32:43.401535,1739399562.936049,1739399563.401535,4.169892,4.635378,0.465487,28,28,1806,1834,65,67,64,64,64.5,65.5,31038.457,31519.674,350,378,13,15,12,12,12.5,13.5,0.01722607789216218,0.017232108999181678,64.0,64.0,1.0,1.0,0.0,0.0,0.0,0.0,1.0,1.0,0.0,0.0,0.0,0.0,227.0,457.0,0.0,0.0,0.001,0.037,0.0,0.0,0.00031,0.016919
192.168.95.2,192.168.95.5,00:0c:29:e0:b6:b9,00:0c:29:07:f9:1e,192.168.95.2,192.168.95.5,IPV4-TCP,2025-02-13 06:32:43.117412,2025-02-13 06:32:43.569899,1739399563.117412,1739399563.569899,4.351255,4.803742,0.452488,23,34,1379,1888,87,64,52,52,59.957,55.529,24380.757,33379.891,135,72,35,12,0,0,5.87,2.118,0.020555767146023838,0.013711727026737097,64.0,64.0,1.0,0.824,0.0,0.0,0.217,0.147,0.261,0.176,0.261,0.176,0.0,0.0,7889.609,5341.529,0.0,0.0,0.0,0.051,0.0,0.0,8.5e-05,0.005648
192.168.95.14,192.168.95.2,00:0c:29:4b:33:f1,00:0c:29:e0:b6:b9,192.168.95.14,192.168.95.2,IPV4-TCP,2025-02-13 06:32:43.401557,2025-02-13 06:32:43.897198,1739399563.401557,1739399563.897198,4.6354,5.131041,0.495642,15,15,975,960,65,64,65,64,65.0,64.0,15737.165,15495.055,195,180,13,12,13,12,13.0,12.0,0.035337005342756,0.0353025027683803,64.0,64.0,1.0,1.0,0.0,0.0,0.0,0.0,1.0,1.0,0.0,0.0,0.0,0.0,227.0,457.0,0.0,0.0,0.001,0.035,0.001,0.034,0.000933,0.034403
192.168.95.15,192.168.95.2,00:0c:29:4b:33:f1,00:0c:29:e0:b6:b9,192.168.95.15,192.168.95.2,IPV4-TCP,2025-02-13 06:32:43.402504,2025-02-13 06:32:43.898098,1739399563.402504,1739399563.898098,4.636347,5.131941,0.495595,15,15,1005,960,67,64,67,64,67.0,64.0,16222.923,15496.524,225,180,15,12,15,12,15.0,12.0,0.03534628663744245,0.035338367734636576,64.0,64.0,1.0,1.0,0.0,0.0,0.0,0.0,1.0,1.0,0.0,0.0,0.0,0.0,227.0,457.0,0.0,0.0,0.001,0.035,0.001,0.034,0.000823,0.034518
192.168.95.10,192.168.95.2,00:0c:29:4b:33:f1,00:0c:29:e0:b6:b9,192.168.95.10,192.168.95.2,IPV4-TCP,2025-02-13 06:32:43.434189,2025-02-13 06:32:43.929563,1739399563.434189,1739399563.929563,4.668032,5.163406,0.495375,30,30,1935,1965,65,67,64,64,64.5,65.5,31249.056,31733.537,375,405,13,15,12,12,12.5,13.5,0.01705979478770289,0.017072652948313748,64.0,64.0,1.0,1.0,0.0,0.0,0.0,0.0,1.0,1.0,0.0,0.0,0.0,0.0,227.0,457.0,0.0,0.0,0.001,0.035,0.0,0.0,0.000447,0.016619
192.168.95.11,192.168.95.2,00:0c:29:4b:33:f1,00:0c:29:e0:b6:b9,192.168.95.11,192.168.95.2,IPV4-TCP,2025-02-13 06:32:43.435466,2025-02-13 06:32:43.930244,1739399563.435466,1739399563.930244,4.669309,5.164087,0.494779,30,30,1935,1965,65,67,64,64,64.5,65.5,31286.701,31771.766,375,405,13,15,12,12,12.5,13.5,0.017050997964267074,0.01705227227046572,64.0,64.0,1.0,1.0,0.0,0.0,0.0,0.0,1.0,1.0,0.0,0.0,0.0,0.0,227.0,457.0,0.0,0.0,0.001,0.035,0.0,0.0,0.000331,0.016719
192.168.95.12,192.168.95.2,00:0c:29:4b:33:f1,00:0c:29:e0:b6:b9,192.168.95.12,192.168.95.2,IPV4-TCP,2025-02-13 06:32:43.436051,2025-02-13 06:32:43.930912,1739399563.436051,1739399563.930912,4.669894,5.164755,0.494862,30,30,1935,1965,65,67,64,64,64.5,65.5,31281.44,31766.424,375,405,13,15,12,12,12.5,13.5,0.01705496886680866,0.017056350050301386,64.0,64.0,1.0,1.0,0.0,0.0,0.0,0.0,1.0,1.0,0.0,0.0,0.0,0.0,227.0,457.0,0.0,0.0,0.0,0.035,0.0,0.0,0.0003,0.016753
192.168.95.13,192.168.95.2,00:0c:29:4b:33:f1,00:0c:29:e0:b6:b9,192.168.95.13,192.168.95.2,IPV4-TCP,2025-02-13 06:32:43.436579,2025-02-13 06:32:43.931773,1739399563.436579,1739399563.931773,4.670422,5.165616,0.495195,30,30,1935,1965,65,67,64,64,64.5,65.5,31260.415,31745.073,375,405,13,15,12,12,12.5,13.5,0.017066478729248047,0.01705996743563948,64.0,64.0,1.0,1.0,0.0,0.0,0.0,0.0,1.0,1.0,0.0,0.0,0.0,0.0,227.0,457.0,0.0,0.0,0.0,0.035,0.0,0.0,0.000306,0.016759
192.168.95.2,192.168.95.5,00:0c:29:e0:b6:b9,00:0c:29:07:f9:1e,192.168.95.2,192.168.95.5,IPV4-TCP,2025-02-13 06:32:43.620386,2025-02-13 06:32:44.117757,1739399563.620386,1739399564.117757,4.854229,5.3516,0.497372,20,30,1205,1660,87,64,52,52,60.25,55.333,19381.863,26700.326,125,60,35,12,0,0,6.25,2.0,0.026160315463417454,0.01715073092230435,64.0,64.0,1.0,0.833,0.0,0.0,0.25,0.167,0.25,0.167,0.25,0.167,0.0,0.0,7579.75,5057.5,0.0,0.0,0.0,0.051,0.0,0.0,9.8e-05,0.006549
192.168.95.14,192.168.95.2,00:0c:29:4b:33:f1,00:0c:29:e0:b6:b9,192.168.95.14,192.168.95.2,IPV4-TCP,2025-02-13 06:32:43.931833,2025-02-13 06:32:44.429595,1739399563.931833,1739399564.429595,5.165676,5.663438,0.497763,15,17,975,1064,65,64,65,52,65.0,62.588,15670.109,17100.509,195,180,13,12,13,0,13.0,10.588,0.03548942293439593,0.031053438782691956,64.0,64.0,1.0,1.0,0.0,0.0,0.0,0.0,1.0,0.882,0.0,0.0,0.0,0.0,227.0,457.0,0.0,0.0,0.001,0.037,0.001,0.0,0.000934,0.03256
192.168.95.15,192.168.95.2,00:0c:29:4b:33:f1,00:0c:29:e0:b6:b9,192.168.95.15,192.168.95.2,IPV4-TCP,2025-02-13 06:32:43.932773,2025-02-13 06:32:44.430451,1739399563.932773,1739399564.430451,5.166616,5.664294,0.497679,15,17,1005,1064,67,64,67,52,67.0,62.588,16154.998,17103.401,225,180,15,12,15,0,15.0,10.588,0.03549270970480783,0.03105318546295166,64.0,64.0,1.0,1.0,0.0,0.0,0.0,0.0,1.0,0.882,0.0,0.0,0.0,0.0,227.0,457.0,0.0,0.0,0.001,0.038,0.001,0.0,0.00078,0.032647
192.168.95.10,192.168.95.2,00:0c:29:4b:33:f1,00:0c:29:e0:b6:b9,192.168.95.10,192.168.95.2,IPV4-TCP,2025-02-13 06:32:43.963949,2025-02-13 06:32:44.461682,1739399563.963949,1739399564.461682,5.197792,5.695525,0.497734,30,32,1935,2069,65,67,64,52,64.5,64.656,31100.942,33254.703,375,405,13,15,12,0,12.5,12.656,0.017148831795001852,0.01604732390372984,64.0,64.0,1.0,1.0,0.0,0.0,0.0,0.0,1.0,0.938,0.0,0.0,0.0,0.0,227.0,457.0,0.0,0.0,0.001,0.036,0.0,0.0,0.000442,0.016801
192.168.95.11,192.168.95.2,00:0c:29:4b:33:f1,00:0c:29:e0:b6:b9,192.168.95.11,192.168.95.2,IPV4-TCP,2025-02-13 06:32:43.964799,2025-02-13 06:32:44.462348,1739399563.964799,1739399564.462348,5.198642,5.696191,0.49755,30,30,1935,1965,65,67,64,64,64.5,65.5,31112.447,31594.811,375,405,13,15,12,12,12.5,13.5,0.017146587371826172,0.017147384840866614,64.0,64.0,1.0,1.0,0.0,0.0,0.0,0.0,1.0,1.0,0.0,0.0,0.0,0.0,227.0,457.0,0.0,0.0,0.001,0.037,0.0,0.0,0.000335,0.01681
192.168.95.12,192.168.95.2,00:0c:29:4b:33:f1,00:0c:29:e0:b6:b9,192.168.95.12,192.168.95.2,IPV4-TCP,2025-02-13 06:32:43.965393,2025-02-13 06:32:44.463075,1739399563.965393,1739399564.463075,5.199236,5.696918,0.497683,30,30,1935,1965,65,67,64,64,64.5,65.5,31104.146,31586.38,375,405,13,15,12,12,12.5,13.5,0.01715130641542632,0.01715282736153438,64.0,64.0,1.0,1.0,0.0,0.0,0.0,0.0,1.0,1.0,0.0,0.0,0.0,0.0,227.0,457.0,0.0,0.0,0.001,0.037,0.0,0.0,0.000317,0.016833
192.168.95.13,192.168.95.2,00:0c:29:4b:33:f1,00:0c:29:e0:b6:b9,192.168.95.13,192.168.95.2,IPV4-TCP,2025-02-13 06:32:43.965984,2025-02-13 06:32:44.463688,1739399563.965984,1739399564.463688,5.199827,5.697531,0.497705,30,30,1935,1965,65,67,64,64,64.5,65.5,31102.775,31584.988,375,405,13,15,12,12,12.5,13.5,0.017152613606946223,0.017154751152827823,64.0,64.0,1.0,1.0,0.0,0.0,0.0,0.0,1.0,1.0,0.0,0.0,0.0,0.0,227.0,457.0,0.0,0.0,0.001,0.037,0.0,0.0,0.000305,0.016846
192.168.95.2,192.168.95.5,00:0c:29:e0:b6:b9,00:0c:29:07:f9:1e,192.168.95.2,192.168.95.5,IPV4-TCP,2025-02-13 06:32:44.168267,2025-02-13 06:32:44.621004,1739399564.168267,1739399564.621004,5.40211,5.854847,0.452738,21,32,1232,1764,87,64,52,52,58.667,55.125,21769.761,31170.339,100,60,35,12,0,0,4.762,1.875,0.0226143479347229,0.01460442235392909,64.0,64.0,1.0,0.844,0.0,0.0,0.286,0.188,0.238,0.156,0.238,0.156,0.0,0.0,7240.381,4755.719,0.0,0.0,0.001,0.051,0.0,0.0,0.000273,0.009923
00:0c:29:54:64:67,33:33:00:00:00:fb,00:0c:29:54:64:67,33:33:00:00:00:fb,,,IPV6,2025-02-13 06:32:44.418992,2025-02-13 06:32:44.418992,1739399564.418992,1739399564.418992,5.652835,5.652835,1e-06,1,0,107,0,107,,107,,107.0,,856000000.0,0.0,103,0,103,,103,,103.0,,,,,,,,,,,,,,,,,,,,,,,,,,,
192.168.95.100,224.0.0.251,00:0c:29:54:64:67,01:00:5e:00:00:fb,192.168.95.100,224.0.0.251,IPV4-UDP,2025-02-13 06:32:44.422048,2025-02-13 06:32:44.422048,1739399564.422048,1739399564.422048,5.655891,5.655891,1e-06,1,0,73,0,73,,73,,73.0,,584000000.0,0.0,21,0,21,,21,,21.0,,,,,,,,,,,,,,,,,,,,0.0,,,,,,,
192.168.95.14,192.168.95.2,00:0c:29:4b:33:f1,00:0c:29:e0:b6:b9,192.168.95.14,192.168.95.2,IPV4-TCP,2025-02-13 06:32:44.463729,2025-02-13 06:32:44.930828,1739399564.463729,1739399564.930828,5.697572,6.164671,0.4671,14,14,910,896,65,64,65,64,65.0,64.0,15585.521,15345.744,182,168,13,12,13,12,13.0,12.0,0.035847168702345625,0.035838934091421276,64.0,64.0,1.0,1.0,0.0,0.0,0.0,0.0,1.0,1.0,0.0,0.0,0.0,0.0,227.0,457.0,0.0,0.0,0.001,0.036,0.001,0.034,0.001072,0.034776
192.168.95.15,192.168.95.2,00:0c:29:4b:33:f1,00:0c:29:e0:b6:b9,192.168.95.15,192.168.95.2,IPV4-TCP,2025-02-13 06:32:44.464861,2025-02-13 06:32:44.931720,1739399564.464861,1739399564.93172,5.698704,6.165563,0.46686,14,14,938,896,67,64,67,64,67.0,64.0,16073.338,15353.636,210,168,15,12,15,12,15.0,12.0,0.03584900269141564,0.035846013289231524,64.0,64.0,1.0,1.0,0.0,0.0,0.0,0.0,1.0,1.0,0.0,0.0,0.0,0.0,227.0,457.0,0.0,0.0,0.002,0.036,0.001,0.034,0.000959,0.034879
192.168.95.10,192.168.95.2,00:0c:29:4b:33:f1,00:0c:29:e0:b6:b9,192.168.95.10,192.168.95.2,IPV4-TCP,2025-02-13 06:32:44.496320,2025-02-13 06:32:44.963066,1739399564.49632,1739399564.963066,5.730163,6.196909,0.466747,28,28,1806,1834,65,67,64,64,64.5,65.5,30954.665,31434.583,350,378,13,15,12,12,12.5,13.5,0.017259156262433087,0.017274962531195745,64.0,64.0,1.0,1.0,0.0,0.0,0.0,0.0,1.0,1.0,0.0,0.0,0.0,0.0,227.0,457.0,0.0,0.0,0.001,0.036,0.0,0.0,0.000473,0.016797
192.168.95.11,192.168.95.2,00:0c:29:4b:33:f1,00:0c:29:e0:b6:b9,192.168.95.11,192.168.95.2,IPV4-TCP,2025-02-13 06:32:44.497379,2025-02-13 06:32:44.963966,1739399564.497379,1739399564.963966,5.731222,6.197809,0.466588,28,30,1806,1938,65,67,64,52,64.5,64.6,30965.231,33228.471,350,378,13,15,12,0,12.5,12.6,0.017268295641298646,0.016073925741787613,64.0,64.0,1.0,1.0,0.0,0.0,0.0,0.0,1.0,0.933,0.0,0.0,0.0,0.0,227.0,457.0,0.0,0.0,0.001,0.036,0.0,0.0,0.000339,0.017008
192.168.95.12,192.168.95.2,00:0c:29:4b:33:f1,00:0c:29:e0:b6:b9,192.168.95.12,192.168.95.2,IPV4-TCP,2025-02-13 06:32:44.497990,2025-02-13 06:32:44.964955,1739399564.49799,1739399564.964955,5.731833,6.198798,0.466966,28,28,1806,1834,65,67,64,64,64.5,65.5,30940.141,31419.833,350,378,13,15,12,12,12.5,13.5,0.017281488136008934,0.0172832277086046,64.0,64.0,1.0,1.0,0.0,0.0,0.0,0.0,1.0,1.0,0.0,0.0,0.0,0.0,227.0,457.0,0.0,0.0,0.001,0.036,0.0,0.0,0.000335,0.016948
192.168.95.13,192.168.95.2,00:0c:29:4b:33:f1,00:0c:29:e0:b6:b9,192.168.95.13,192.168.95.2,IPV4-TCP,2025-02-13 06:32:44.498639,2025-02-13 06:32:44.965717,1739399564.498639,1739399564.965717,5.732482,6.19956,0.467079,28,28,1806,1834,65,67,64,64,64.5,65.5,30932.671,31412.247,350,378,13,15,12,12,12.5,13.5,0.01728544411835847,0.017286221186319988,64.0,64.0,1.0,1.0,0.0,0.0,0.0,0.0,1.0,1.0,0.0,0.0,0.0,0.0,227.0,457.0,0.0,0.0,0.0,0.037,0.0,0.0,0.000317,0.01697
192.168.95.2,192.168.95.5,00:0c:29:e0:b6:b9,00:0c:29:07:f9:1e,192.168.95.2,192.168.95.5,IPV4-TCP,2025-02-13 06:32:44.717387,2025-02-13 06:32:45.169252,1739399564.717387,1739399565.169252,5.95123,6.403095,0.451866,23,34,1379,1888,87,64,52,52,59.957,55.529,24414.32,33425.842,135,72,35,12,0,0,5.87,2.118,0.020532228729941628,0.01369287750937722,64.0,64.0,1.0,0.824,0.0,0.0,0.217,0.147,0.261,0.176,0.261,0.176,0.0,0.0,7889.609,5341.529,0.0,0.0,0.0,0.051,0.0,0.0,0.000141,0.009306
192.168.95.14,192.168.95.2,00:0c:29:4b:33:f1,00:0c:29:e0:b6:b9,192.168.95.14,192.168.95.2,IPV4-TCP,2025-02-13 06:32:44.965756,2025-02-13 06:32:45.465518,1739399564.965756,1739399565.465518,6.199599,6.699361,0.499763,14,15,910,960,65,64,65,64,65.0,64.0,14566.903,15367.282,182,180,13,12,13,12,13.0,12.0,0.03560785146859976,0.03569728987557547,64.0,64.0,1.0,1.0,0.0,0.0,0.0,0.0,1.0,1.0,0.0,0.0,0.0,0.0,227.0,457.0,0.0,0.0,0.001,0.036,0.001,0.034,0.000993,0.034704
192.168.95.15,192.168.95.2,00:0c:29:4b:33:f1,00:0c:29:e0:b6:b9,192.168.95.15,192.168.95.2,IPV4-TCP,2025-02-13 06:32:44.966927,2025-02-13 06:32:45.430713,1739399564.966927,1739399565.430713,6.20077,6.664556,0.463787,14,14,938,896,67,64,67,64,67.0,64.0,16179.845,15455.374,210,168,15,12,15,12,15.0,12.0,0.0355993784390963,0.035606989493736856,64.0,64.0,1.0,1.0,0.0,0.0,0.0,0.0,1.0,1.0,0.0,0.0,0.0,0.0,227.0,457.0,0.0,0.0,0.002,0.036,0.001,0.034,0.000903,0.034703
192.168.95.10,192.168.95.2,00:0c:29:4b:33:f1,00:0c:29:e0:b6:b9,192.168.95.10,192.168.95.2,IPV4-TCP,2025-02-13 06:32:44.999053,2025-02-13 06:32:45.498563,1739399564.999053,1739399565.498563,6.232896,6.732406,0.499511,28,29,1806,1898,65,67,64,64,64.5,65.448,28924.285,30397.726,350,390,13,15,12,12,12.5,13.448,0.01713607046339247,0.017839644636426653,64.0,64.0,1.0,1.0,0.0,0.0,0.0,0.0,1.0,1.0,0.0,0.0,0.0,0.0,227.0,457.0,0.0,0.0,0.001,0.036,0.0,0.0,0.000499,0.017341
192.168.95.11,192.168.95.2,00:0c:29:4b:33:f1,00:0c:29:e0:b6:b9,192.168.95.11,192.168.95.2,IPV4-TCP,2025-02-13 06:32:45.000786,2025-02-13 06:32:45.500262,1739399565.000786,1739399565.500262,6.234629,6.734105,0.499477,30,30,1935,1965,65,67,64,64,64.5,65.5,30992.421,31472.923,375,405,13,15,12,12,12.5,13.5,0.017211346790708345,0.017215408127883386,64.0,64.0,1.0,1.0,0.0,0.0,0.0,0.0,1.0,1.0,0.0,0.0,0.0,0.0,227.0,457.0,0.0,0.0,0.001,0.036,0.0,0.0,0.000332,0.01688
192.168.95.12,192.168.95.2,00:0c:29:4b:33:f1,00:0c:29:e0:b6:b9,192.168.95.12,192.168.95.2,IPV4-TCP,2025-02-13 06:32:45.001430,2025-02-13 06:32:45.500854,1739399565.00143,1739399565.500854,6.235273,6.734697,0.499425,30,30,1935,1965,65,67,64,64,64.5,65.5,30995.646,31476.199,375,405,13,15,12,12,12.5,13.5,0.0172100724845097,0.017213961173748148,64.0,64.0,1.0,1.0,0.0,0.0,0.0,0.0,1.0,1.0,0.0,0.0,0.0,0.0,227.0,457.0,0.0,0.0,0.001,0.036,0.0,0.0,0.000323,0.016888
192.168.95.13,192.168.95.2,00:0c:29:4b:33:f1,00:0c:29:e0:b6:b9,192.168.95.13,192.168.95.2,IPV4-TCP,2025-02-13 06:32:45.002078,2025-02-13 06:32:45.501471,1739399565.002078,1739399565.501471,6.235921,6.735314,0.499394,30,30,1935,1965,65,67,64,64,64.5,65.5,30997.57,31478.152,375,405,13,15,12,12,12.5,13.5,0.017207729405370253,0.017212925286128604,64.0,64.0,1.0,1.0,0.0,0.0,0.0,0.0,1.0,1.0,0.0,0.0,0.0,0.0,227.0,457.0,0.0,0.0,0.001,0.036,0.0,0.0,0.000325,0.016884
192.168.95.2,192.168.95.5,00:0c:29:e0:b6:b9,00:0c:29:07:f9:1e,192.168.95.2,192.168.95.5,IPV4-TCP,2025-02-13 06:32:45.219616,2025-02-13 06:32:45.718232,1739399565.219616,1739399565.718232,6.453459,6.952075,0.498617,20,30,1205,1660,87,64,52,52,60.25,55.333,19333.477,26633.67,125,60,35,12,0,0,6.25,2.0,0.026226620925100225,0.017193654487872946,64.0,64.0,1.0,0.833,0.0,0.0,0.25,0.167,0.25,0.167,0.25,0.167,0.0,0.0,7579.75,5057.5,0.0,0.0,0.0,0.051,0.0,0.0,0.000122,0.006595
00:0c:29:59:74:72,ff:ff:ff:ff:ff:ff,00:0c:29:59:74:72,ff:ff:ff:ff:ff:ff,,,ARP,2025-02-13 06:32:45.240906,2025-02-13 06:32:45.240906,1739399565.240906,1739399565.240906,6.474749,6.474749,1e-06,1,0,60,0,60,,60,,60.0,,480000000.0,0.0,56,0,56,,56,,56.0,,,,,,,,,,,,,,,,,,,,,,,,,,,
00:0c:29:59:74:72,00:0c:29:e0:b6:b9,00:0c:29:59:74:72,00:0c:29:e0:b6:b9,,,ARP,2025-02-13 06:32:45.241021,2025-02-13 06:32:45.241021,1739399565.241021,1739399565.241021,6.474864,6.474864,1e-06,0,1,0,42,,42,,42,,42.0,0.0,336000000.0,0,38,,38,,38,,38.0,,,,,,,,,,,,,,,,,,,,,,,,,,
192.168.95.101,192.168.95.2,00:0c:29:59:74:72,00:0c:29:e0:b6:b9,192.168.95.101,192.168.95.2,IPV4-TCP,2025-02-13 06:32:45.241489,2025-02-13 06:32:45.246112,1739399565.241489,1739399565.246112,6.475332,6.479955,0.004624,6,4,334,228,66,64,52,52,55.667,57.0,577832.844,394448.768,14,12,14,12,0,0,2.333,3.0,0.0009246349334716796,0.001470645268758138,64.0,64.0,0.833,1.0,0.0,0.0,0.167,0.25,0.167,0.25,0.167,0.25,0.0,0.0,11125.0,7579.75,0.0,0.0,0.003,0.0,0.0,0.0,0.001195,5.6e-05
192.168.95.14,192.168.95.2,00:0c:29:4b:33:f1,00:0c:29:e0:b6:b9,192.168.95.14,192.168.95.2,IPV4-TCP,2025-02-13 06:32:45.466921,2025-02-13 06:32:45.962916,1739399565.466921,1739399565.962916,6.700764,7.196759,0.495996,15,14,975,896,65,64,65,64,65.0,64.0,15725.939,14451.735,195,168,13,12,13,12,13.0,12.0,0.03542820044926235,0.03542432418236366,64.0,64.0,1.0,1.0,0.0,0.0,0.0,0.0,1.0,1.0,0.0,0.0,0.0,0.0,227.0,457.0,0.0,0.0,0.001,0.035,0.001,0.034,0.000974,0.034454
192.168.95.15,192.168.95.2,00:0c:29:4b:33:f1,00:0c:29:e0:b6:b9,192.168.95.15,192.168.95.2,IPV4-TCP,2025-02-13 06:32:45.466960,2025-02-13 06:32:45.963712,1739399565.46696,1739399565.963712,6.700803,7.197555,0.496753,15,15,1005,960,67,64,67,64,67.0,64.0,16185.105,15460.399,225,180,15,12,15,12,15.0,12.0,0.035418919154575894,0.03542850698743548,64.0,64.0,1.0,1.0,0.0,0.0,0.0,0.0,1.0,1.0,0.0,0.0,0.0,0.0,227.0,457.0,0.0,0.0,0.001,0.036,0.001,0.034,0.000834,0.034589
192.168.95.10,192.168.95.2,00:0c:29:4b:33:f1,00:0c:29:e0:b6:b9,192.168.95.10,192.168.95.2,IPV4-TCP,2025-02-13 06:32:45.499166,2025-02-13 06:32:45.995518,1739399565.499166,1739399565.995518,6.733009,7.229361,0.496353,30,29,1935,1901,65,67,64,64,64.5,65.552,31187.484,30639.487,375,393,13,15,12,12,12.5,13.552,0.017115584735212654,0.017713751111711775,64.0,64.0,1.0,1.0,0.0,0.0,0.0,0.0,1.0,1.0,0.0,0.0,0.0,0.0,227.0,457.0,0.0,0.0,0.001,0.035,0.0,0.0,0.00045,0.016666
192.168.95.11,192.168.95.2,00:0c:29:4b:33:f1,00:0c:29:e0:b6:b9,192.168.95.11,192.168.95.2,IPV4-TCP,2025-02-13 06:32:45.534937,2025-02-13 06:32:46.032144,1739399565.534937,1739399566.032144,6.76878,7.265987,0.497208,30,30,1935,1965,65,67,64,64,64.5,65.5,31133.841,31616.536,375,405,13,15,12,12,12.5,13.5,0.01713341680066339,0.01713079419629327,64.0,64.0,1.0,1.0,0.0,0.0,0.0,0.0,1.0,1.0,0.0,0.0,0.0,0.0,227.0,457.0,0.0,0.0,0.001,0.035,0.0,0.0,0.000348,0.016785
192.168.95.12,192.168.95.2,00:0c:29:4b:33:f1,00:0c:29:e0:b6:b9,192.168.95.12,192.168.95.2,IPV4-TCP,2025-02-13 06:32:45.535617,2025-02-13 06:32:46.032751,1739399565.535617,1739399566.032751,6.76946,7.266594,0.497135,30,30,1935,1965,65,67,64,64,64.5,65.5,31138.425,31621.191,375,405,13,15,12,12,12.5,13.5,0.017131040836202687,0.017134855533468312,64.0,64.0,1.0,1.0,0.0,0.0,0.0,0.0,1.0,1.0,0.0,0.0,0.0,0.0,227.0,457.0,0.0,0.0,0.0,0.036,0.0,0.0,0.000311,0.016821
192.168.95.13,192.168.95.2,00:0c:29:4b:33:f1,00:0c:29:e0:b6:b9,192.168.95.13,192.168.95.2,IPV4-TCP,2025-02-13 06:32:45.536219,2025-02-13 06:32:46.033340,1739399565.536219,1739399566.03334,6.770062,7.267183,0.497122,30,30,1935,1965,65,67,64,64,64.5,65.5,31139.231,31622.01,375,405,13,15,12,12,12.5,13.5,0.017131172377487708,0.017134280040346343,64.0,64.0,1.0,1.0,0.0,0.0,0.0,0.0,1.0,1.0,0.0,0.0,0.0,0.0,227.0,457.0,0.0,0.0,0.0,0.036,0.0,0.0,0.000309,0.016822
192.168.95.2,192.168.95.5,00:0c:29:e0:b6:b9,00:0c:29:07:f9:1e,192.168.95.2,192.168.95.5,IPV4-TCP,2025-02-13 06:32:45.768733,2025-02-13 06:32:46.220615,1739399565.768733,1739399566.220615,7.002576,7.454458,0.451883,21,32,1232,1764,87,64,52,52,58.667,55.125,21810.961,31229.331,100,60,35,12,0,0,4.762,1.875,0.02257179021835327,0.014576835017050467,64.0,64.0,1.0,0.844,0.0,0.0,0.286,0.188,0.238,0.156,0.238,0.156,0.0,0.0,7240.381,4755.719,0.0,0.0,0.001,0.051,0.0,0.0,0.000201,0.008
192.168.95.14,192.168.95.2,00:0c:29:4b:33:f1,00:0c:29:e0:b6:b9,192.168.95.14,192.168.95.2,IPV4-TCP,2025-02-13 06:32:45.997316,2025-02-13 06:32:46.495963,1739399565.997316,1739399566.495963,7.231159,7.729806,0.498648,15,15,975,960,65,64,65,64,65.0,64.0,15642.29,15401.639,195,180,13,12,13,12,13.0,12.0,0.03551808425358364,0.035542658397129605,64.0,64.0,1.0,1.0,0.0,0.0,0.0,0.0,1.0,1.0,0.0,0.0,0.0,0.0,227.0,457.0,0.0,0.0,0.001,0.035,0.001,0.034,0.000996,0.034551
192.168.95.15,192.168.95.2,00:0c:29:4b:33:f1,00:0c:29:e0:b6:b9,192.168.95.15,192.168.95.2,IPV4-TCP,2025-02-13 06:32:45.998759,2025-02-13 06:32:46.496887,1739399565.998759,1739399566.496887,7.232602,7.73073,0.498129,15,15,1005,960,67,64,67,64,67.0,64.0,16140.399,15417.695,225,180,15,12,15,12,15.0,12.0,0.03550657204219273,0.03551878247942243,64.0,64.0,1.0,1.0,0.0,0.0,0.0,0.0,1.0,1.0,0.0,0.0,0.0,0.0,227.0,457.0,0.0,0.0,0.001,0.035,0.001,0.034,0.000851,0.034669
192.168.95.10,192.168.95.2,00:0c:29:4b:33:f1,00:0c:29:e0:b6:b9,192.168.95.10,192.168.95.2,IPV4-TCP,2025-02-13 06:32:46.030347,2025-02-13 06:32:46.528633,1739399566.030347,1739399566.528633,7.26419,7.762476,0.498287,30,30,1935,1965,65,67,64,64,64.5,65.5,31066.433,31548.083,375,405,13,15,12,12,12.5,13.5,0.017166104809991246,0.017171687093274348,64.0,64.0,1.0,1.0,0.0,0.0,0.0,0.0,1.0,1.0,0.0,0.0,0.0,0.0,227.0,457.0,0.0,0.0,0.001,0.035,0.0,0.0,0.000437,0.016731
192.168.95.11,192.168.95.2,00:0c:29:4b:33:f1,00:0c:29:e0:b6:b9,192.168.95.11,192.168.95.2,IPV4-TCP,2025-02-13 06:32:46.066774,2025-02-13 06:32:46.565334,1739399566.066774,1739399566.565334,7.300617,7.799177,0.498561,30,30,1935,1965,65,67,64,64,64.5,65.5,31049.348,31530.733,375,405,13,15,12,12,12.5,13.5,0.017179316487805598,0.01718417529402108,64.0,64.0,1.0,1.0,0.0,0.0,0.0,0.0,1.0,1.0,0.0,0.0,0.0,0.0,227.0,457.0,0.0,0.0,0.001,0.035,0.0,0.0,0.000348,0.016832
192.168.95.12,192.168.95.2,00:0c:29:4b:33:f1,00:0c:29:e0:b6:b9,192.168.95.12,192.168.95.2,IPV4-TCP,2025-02-13 06:32:46.067438,2025-02-13 06:32:46.565936,1739399566.067438,1739399566.565936,7.301281,7.799779,0.498499,30,30,1935,1965,65,67,64,64,64.5,65.5,31053.209,31534.654,375,405,13,15,12,12,12.5,13.5,0.017177072064629918,0.0171816924522663,64.0,64.0,1.0,1.0,0.0,0.0,0.0,0.0,1.0,1.0,0.0,0.0,0.0,0.0,227.0,457.0,0.0,0.0,0.001,0.035,0.0,0.0,0.000337,0.016841
192.168.95.13,192.168.95.2,00:0c:29:4b:33:f1,00:0c:29:e0:b6:b9,192.168.95.13,192.168.95.2,IPV4-TCP,2025-02-13 06:32:46.068226,2025-02-13 06:32:46.566568,1739399566.068226,1739399566.566568,7.302069,7.800411,0.498343,30,30,1935,1965,65,67,64,64,64.5,65.5,31062.955,31544.551,375,405,13,15,12,12,12.5,13.5,0.017170544328360723,0.017176619891462654,64.0,64.0,1.0,1.0,0.0,0.0,0.0,0.0,1.0,1.0,0.0,0.0,0.0,0.0,227.0,457.0,0.0,0.0,0.001,0.035,0.0,0.0,0.00032,0.016853
192.168.95.2,192.168.95.5,00:0c:29:e0:b6:b9,00:0c:29:07:f9:1e,192.168.95.2,192.168.95.5,IPV4-TCP,2025-02-13 06:32:46.316702,2025-02-13 06:32:46.769704,1739399566.316702,1739399566.769704,7.550545,8.003547,0.453003,23,34,1379,1888,87,64,52,52,59.957,55.529,24353.028,33341.927,135,72,35,12,0,0,5.87,2.118,0.020581548864191227,0.013727339831265535,64.0,64.0,1.0,0.824,0.0,0.0,0.217,0.147,0.261,0.176,0.261,0.176,0.0,0.0,7889.609,5341.529,0.0,0.0,0.001,0.051,0.0,0.0,0.000178,0.009221
192.168.95.14,192.168.95.2,00:0c:29:4b:33:f1,00:0c:29:e0:b6:b9,192.168.95.14,192.168.95.2,IPV4-TCP,2025-02-13 06:32:46.531141,2025-02-13 06:32:47.030316,1739399566.531141,1739399567.030316,7.764984,8.264159,0.499176,14,15,910,960,65,64,65,64,65.0,64.0,14584.032,15385.353,182,180,13,12,13,12,13.0,12.0,0.035637231973501354,0.035655362265450616,64.0,64.0,1.0,1.0,0.0,0.0,0.0,0.0,1.0,1.0,0.0,0.0,0.0,0.0,227.0,457.0,0.0,0.0,0.001,0.035,0.001,0.034,0.001071,0.034585
192.168.95.15,192.168.95.2,00:0c:29:4b:33:f1,00:0c:29:e0:b6:b9,192.168.95.15,192.168.95.2,IPV4-TCP,2025-02-13 06:32:46.532322,2025-02-13 06:32:47.032220,1739399566.532322,1739399567.03222,7.766165,8.266063,0.499899,15,15,1005,960,67,64,67,64,67.0,64.0,16083.25,15363.105,225,180,15,12,15,12,15.0,12.0,0.03563307012830462,0.03564936774117606,64.0,64.0,1.0,1.0,0.0,0.0,0.0,0.0,1.0,1.0,0.0,0.0,0.0,0.0,227.0,457.0,0.0,0.0,0.001,0.036,0.001,0.034,0.000894,0.034749
192.168.95.10,192.168.95.2,00:0c:29:4b:33:f1,00:0c:29:e0:b6:b9,192.168.95.10,192.168.95.2,IPV4-TCP,2025-02-13 06:32:46.563620,2025-02-13 06:32:47.063493,1739399566.56362,1739399567.063493,7.797463,8.297336,0.499874,29,30,1871,1965,65,67,64,64,64.517,65.5,29943.55,31447.93,363,405,13,15,12,12,12.517,13.5,0.01782235928944179,0.017236997341287547,64.0,64.0,1.0,1.0,0.0,0.0,0.0,0.0,1.0,1.0,0.0,0.0,0.0,0.0,227.0,457.0,0.0,0.0,0.001,0.035,0.0,0.0,0.000466,0.016771
192.168.95.11,192.168.95.2,00:0c:29:4b:33:f1,00:0c:29:e0:b6:b9,192.168.95.11,192.168.95.2,IPV4-TCP,2025-02-13 06:32:46.600149,2025-02-13 06:32:47.100080,1739399566.600149,1739399567.10008,7.833992,8.333923,0.499932,28,29,1806,1898,65,67,64,64,64.5,65.448,28899.925,30372.125,350,390,13,15,12,12,12.5,13.448,0.017197264565361872,0.01785468203680856,64.0,64.0,1.0,1.0,0.0,0.0,0.0,0.0,1.0,1.0,0.0,0.0,0.0,0.0,227.0,457.0,0.0,0.0,0.001,0.036,0.0,0.0,0.00035,0.017505
192.168.95.12,192.168.95.2,00:0c:29:4b:33:f1,00:0c:29:e0:b6:b9,192.168.95.12,192.168.95.2,IPV4-TCP,2025-02-13 06:32:46.601073,2025-02-13 06:32:47.100821,1739399566.601073,1739399567.100821,7.834916,8.334664,0.499749,28,29,1806,1898,65,67,64,64,64.5,65.448,28910.514,30383.253,350,390,13,15,12,12,12.5,13.448,0.017200884995637118,0.017848142555781772,64.0,64.0,1.0,1.0,0.0,0.0,0.0,0.0,1.0,1.0,0.0,0.0,0.0,0.0,227.0,457.0,0.0,0.0,0.001,0.035,0.0,0.0,0.000345,0.017503
192.168.95.13,192.168.95.2,00:0c:29:4b:33:f1,00:0c:29:e0:b6:b9,192.168.95.13,192.168.95.2,IPV4-TCP,2025-02-13 06:32:46.601917,2025-02-13 06:32:47.101855,1739399566.601917,1739399567.101855,7.83576,8.335698,0.499939,29,30,1871,1965,65,67,64,64,64.517,65.5,29939.652,31443.835,363,405,13,15,12,12,12.517,13.5,0.01783653667994908,0.017239241764463228,64.0,64.0,1.0,1.0,0.0,0.0,0.0,0.0,1.0,1.0,0.0,0.0,0.0,0.0,227.0,457.0,0.0,0.0,0.001,0.036,0.0,0.0,0.000319,0.01692
192.168.95.2,192.168.95.5,00:0c:29:e0:b6:b9,00:0c:29:07:f9:1e,192.168.95.2,192.168.95.5,IPV4-TCP,2025-02-13 06:32:46.820010,2025-02-13 06:32:47.318548,1739399566.82001,1739399567.318548,8.053853,8.552391,0.498539,20,30,1205,1660,87,64,52,52,60.25,55.333,19336.501,26637.835,125,60,35,12,0,0,6.25,2.0,0.026223684612073396,0.017190966112860317,64.0,64.0,1.0,0.833,0.0,0.0,0.25,0.167,0.25,0.167,0.25,0.167,0.0,0.0,7579.75,5057.5,0.0,0.0,0.0,0.051,0.0,0.0,0.000116,0.004624
192.168.95.101,192.168.95.2,00:0c:29:59:74:72,00:0c:29:e0:b6:b9,192.168.95.101,192.168.95.2,IPV4-TCP,2025-02-13 06:32:46.939643,2025-02-13 06:32:46.943779,1739399566.939643,1739399566.943779,8.173486,8.177622,0.004137,6,4,334,228,66,64,52,52,55.667,57.0,645865.306,440890.089,14,12,14,12,0,0,2.333,3.0,0.0008272171020507812,0.0011483828226725261,64.0,64.0,0.833,1.0,0.0,0.0,0.167,0.25,0.167,0.25,0.167,0.25,0.0,0.0,11125.0,7579.75,0.0,0.0,0.002,0.0,0.0,0.0,0.000836,0.000134
192.168.95.14,192.168.95.2,00:0c:29:4b:33:f1,00:0c:29:e0:b6:b9,192.168.95.14,192.168.95.2,IPV4-TCP,2025-02-13 06:32:47.031349,2025-02-13 06:32:47.497836,1739399567.031349,1739399567.497836,8.265192,8.731679,0.466488,14,13,910,832,65,64,65,64,65.0,64.0,15605.969,14268.315,182,156,13,12,13,12,13.0,12.0,0.03588362840505747,0.03585141897201538,64.0,64.0,1.0,1.0,0.0,0.0,0.0,0.0,1.0,1.0,0.0,0.0,0.0,0.0,227.0,457.0,0.0,0.0,0.001,0.036,0.001,0.034,0.001017,0.034867
192.168.95.10,192.168.95.2,00:0c:29:4b:33:f1,00:0c:29:e0:b6:b9,192.168.95.10,192.168.95.2,IPV4-TCP,2025-02-13 06:32:47.063971,2025-02-13 06:32:47.529890,1739399567.063971,1739399567.52989,8.297814,8.763733,0.46592,27,26,1741,1703,65,67,64,64,64.481,65.5,29893.543,29241.07,337,351,13,15,12,12,12.481,13.5,0.01791996222275954,0.017226476669311524,64.0,64.0,1.0,1.0,0.0,0.0,0.0,0.0,1.0,1.0,0.0,0.0,0.0,0.0,227.0,457.0,0.0,0.0,0.001,0.036,0.0,0.0,0.0005,0.01742
192.168.95.15,192.168.95.2,00:0c:29:4b:33:f1,00:0c:29:e0:b6:b9,192.168.95.15,192.168.95.2,IPV4-TCP,2025-02-13 06:32:47.067674,2025-02-13 06:32:47.534425,1739399567.067674,1739399567.534425,8.301517,8.768268,0.466752,14,14,938,896,67,64,67,64,67.0,64.0,16077.057,15357.189,210,168,15,12,15,12,15.0,12.0,0.03583638484661396,0.035834935995248646,64.0,64.0,1.0,1.0,0.0,0.0,0.0,0.0,1.0,1.0,0.0,0.0,0.0,0.0,227.0,457.0,0.0,0.0,0.001,0.036,0.001,0.034,0.000879,0.034958
192.168.95.11,192.168.95.2,00:0c:29:4b:33:f1,00:0c:29:e0:b6:b9,192.168.95.11,192.168.95.2,IPV4-TCP,2025-02-13 06:32:47.100550,2025-02-13 06:32:47.566818,1739399567.10055,1739399567.566818,8.334393,8.800661,0.466269,28,27,1806,1770,65,67,64,64,64.5,65.556,30986.401,30368.732,350,366,13,15,12,12,12.5,13.556,0.01726918750339084,0.017922153839698203,64.0,64.0,1.0,1.0,0.0,0.0,0.0,0.0,1.0,1.0,0.0,0.0,0.0,0.0,227.0,457.0,0.0,0.0,0.001,0.036,0.0,0.0,0.000367,0.016902
192.168.95.12,192.168.95.2,00:0c:29:4b:33:f1,00:0c:29:e0:b6:b9,192.168.95.12,192.168.95.2,IPV4-TCP,2025-02-13 06:32:47.101211,2025-02-13 06:32:47.567467,1739399567.101211,1739399567.567467,8.335054,8.80131,0.466257,28,27,1806,1770,65,67,64,64,64.5,65.556,30987.209,30369.524,350,366,13,15,12,12,12.5,13.556,0.01726873715718587,0.01792330925281231,64.0,64.0,1.0,1.0,0.0,0.0,0.0,0.0,1.0,1.0,0.0,0.0,0.0,0.0,227.0,457.0,0.0,0.0,0.001,0.036,0.0,0.0,0.000327,0.016942
192.168.95.13,192.168.95.2,00:0c:29:4b:33:f1,00:0c:29:e0:b6:b9,192.168.95.13,192.168.95.2,IPV4-TCP,2025-02-13 06:32:47.102090,2025-02-13 06:32:47.568185,1739399567.10209,1739399567.568185,8.335933,8.802028,0.466096,27,26,1741,1703,65,67,64,64,64.481,65.5,29882.243,29230.017,337,351,13,15,12,12,12.481,13.5,0.017926738812373236,0.017231721878051758,64.0,64.0,1.0,1.0,0.0,0.0,0.0,0.0,1.0,1.0,0.0,0.0,0.0,0.0,227.0,457.0,0.0,0.0,0.001,0.036,0.0,0.0,0.000339,0.017587
192.168.95.2,192.168.95.5,00:0c:29:e0:b6:b9,00:0c:29:07:f9:1e,192.168.95.2,192.168.95.5,IPV4-TCP,2025-02-13 06:32:47.368788,2025-02-13 06:32:47.820415,1739399567.368788,1739399567.820415,8.602631,9.054258,0.451628,21,32,1232,1764,87,64,52,52,58.667,55.125,21823.27,31246.954,100,60,35,12,0,0,4.762,1.875,0.022561299800872802,0.014568613421532416,64.0,64.0,1.0,0.844,0.0,0.0,0.286,0.188,0.238,0.156,0.238,0.156,0.0,0.0,7240.381,4755.719,0.0,0.0,0.0,0.051,0.0,0.0,0.000137,0.009936
192.168.95.14,192.168.95.2,00:0c:29:4b:33:f1,00:0c:29:e0:b6:b9,192.168.95.14,192.168.95.2,IPV4-TCP,2025-02-13 06:32:47.532220,2025-02-13 06:32:48.032130,1739399567.53222,1739399568.03213,8.766063,9.265973,0.499911,14,15,910,960,65,64,65,64,65.0,64.0,14562.589,15362.731,182,180,13,12,13,12,13.0,12.0,0.03573314960186298,0.03570786544254848,64.0,64.0,1.0,1.0,0.0,0.0,0.0,0.0,1.0,1.0,0.0,0.0,0.0,0.0,227.0,457.0,0.0,0.0,0.001,0.036,0.001,0.034,0.001003,0.034705
192.168.95.10,192.168.95.2,00:0c:29:4b:33:f1,00:0c:29:e0:b6:b9,192.168.95.10,192.168.95.2,IPV4-TCP,2025-02-13 06:32:47.565051,2025-02-13 06:32:48.064571,1739399567.565051,1739399568.064571,8.798894,9.298414,0.499521,28,29,1806,1898,65,67,64,64,64.5,65.448,28923.719,30397.131,350,390,13,15,12,12,12.5,13.448,0.017190668318006728,0.017839993749346052,64.0,64.0,1.0,1.0,0.0,0.0,0.0,0.0,1.0,1.0,0.0,0.0,0.0,0.0,227.0,457.0,0.0,0.0,0.001,0.036,0.0,0.0,0.00047,0.01737
192.168.95.15,192.168.95.2,00:0c:29:4b:33:f1,00:0c:29:e0:b6:b9,192.168.95.15,192.168.95.2,IPV4-TCP,2025-02-13 06:32:47.569378,2025-02-13 06:32:48.068542,1739399567.569378,1739399568.068542,8.803221,9.302385,0.499165,14,15,938,960,67,64,67,64,67.0,64.0,15033.102,15385.691,210,180,15,12,15,12,15.0,12.0,0.035659459921029896,0.03565457889011928,64.0,64.0,1.0,1.0,0.0,0.0,0.0,0.0,1.0,1.0,0.0,0.0,0.0,0.0,227.0,457.0,0.0,0.0,0.001,0.036,0.001,0.034,0.000849,0.034805
192.168.95.11,192.168.95.2,00:0c:29:4b:33:f1,00:0c:29:e0:b6:b9,192.168.95.11,192.168.95.2,IPV4-TCP,2025-02-13 06:32:47.601871,2025-02-13 06:32:48.101644,1739399567.601871,1739399568.101644,8.835714,9.335487,0.499774,30,30,1935,1965,65,67,64,64,64.5,65.5,30973.999,31454.216,375,405,13,15,12,12,12.5,13.5,0.01722217428273168,0.017221138395112138,64.0,64.0,1.0,1.0,0.0,0.0,0.0,0.0,1.0,1.0,0.0,0.0,0.0,0.0,227.0,457.0,0.0,0.0,0.001,0.036,0.0,0.0,0.000371,0.016849
192.168.95.12,192.168.95.2,00:0c:29:4b:33:f1,00:0c:29:e0:b6:b9,192.168.95.12,192.168.95.2,IPV4-TCP,2025-02-13 06:32:47.602490,2025-02-13 06:32:48.102362,1739399567.60249,1739399568.102362,8.836333,9.336205,0.499873,30,30,1935,1965,65,67,64,64,64.5,65.5,30967.868,31447.99,375,405,13,15,12,12,12.5,13.5,0.017226136963942956,0.017226515145137393,64.0,64.0,1.0,1.0,0.0,0.0,0.0,0.0,1.0,1.0,0.0,0.0,0.0,0.0,227.0,457.0,0.0,0.0,0.001,0.036,0.0,0.0,0.000321,0.016905
192.168.95.13,192.168.95.2,00:0c:29:4b:33:f1,00:0c:29:e0:b6:b9,192.168.95.13,192.168.95.2,IPV4-TCP,2025-02-13 06:32:47.603189,2025-02-13 06:32:48.103020,1739399567.603189,1739399568.10302,8.837032,9.336863,0.499832,30,30,1935,1965,65,67,64,64,64.5,65.5,30970.408,31450.57,375,405,13,15,12,12,12.5,13.5,0.017219551678361564,0.017227033088947165,64.0,64.0,1.0,1.0,0.0,0.0,0.0,0.0,1.0,1.0,0.0,0.0,0.0,0.0,227.0,457.0,0.0,0.0,0.001,0.036,0.0,0.0,0.000312,0.016913
192.168.95.101,192.168.95.2,00:0c:29:59:74:72,00:0c:29:e0:b6:b9,192.168.95.101,192.168.95.2,IPV4-TCP,2025-02-13 06:32:47.765498,2025-02-13 06:32:47.767986,1739399567.765498,1739399567.767986,8.999341,9.001829,0.002489,6,4,334,228,66,64,52,52,55.667,57.0,1073464.723,732784.302,14,12,14,12,0,0,2.333,3.0,0.0004976272583007812,0.0007250308990478516,64.0,64.0,0.833,1.0,0.0,0.0,0.167,0.25,0.167,0.25,0.167,0.25,0.0,0.0,11125.0,7579.75,0.0,0.0,0.001,0.0,0.0,0.0,0.000554,6.6e-05
192.168.95.2,192.168.95.5,00:0c:29:e0:b6:b9,00:0c:29:07:f9:1e,192.168.95.2,192.168.95.5,IPV4-TCP,2025-02-13 06:32:47.917869,2025-02-13 06:32:48.369597,1739399567.917869,1739399568.369597,9.151712,9.60344,0.451729,23,34,1379,1888,87,64,52,52,59.957,55.529,24421.729,33435.986,135,72,35,12,0,0,5.87,2.118,0.02052572640505704,0.01368872324625651,64.0,64.0,1.0,0.824,0.0,0.0,0.217,0.147,0.261,0.176,0.261,0.176,0.0,0.0,7889.609,5341.529,0.0,0.0,0.001,0.051,0.0,0.0,0.00012,0.007473
192.168.95.14,192.168.95.2,00:0c:29:4b:33:f1,00:0c:29:e0:b6:b9,192.168.95.14,192.168.95.2,IPV4-TCP,2025-02-13 06:32:48.033015,2025-02-13 06:32:48.531205,1739399568.033015,1739399568.531205,9.266858,9.765048,0.498191,15,14,975,896,65,64,65,64,65.0,64.0,15656.648,14388.058,195,168,13,12,13,12,13.0,12.0,0.03558499472481864,0.03559754445002629,64.0,64.0,1.0,1.0,0.0,0.0,0.0,0.0,1.0,1.0,0.0,0.0,0.0,0.0,227.0,457.0,0.0,0.0,0.001,0.035,0.001,0.034,0.000985,0.0346
192.168.95.10,192.168.95.2,00:0c:29:4b:33:f1,00:0c:29:e0:b6:b9,192.168.95.10,192.168.95.2,IPV4-TCP,2025-02-13 06:32:48.065083,2025-02-13 06:32:48.563556,1739399568.065083,1739399568.563556,9.298926,9.797399,0.498474,30,29,1935,1901,65,67,64,64,64.5,65.552,31054.784,30509.118,375,393,13,15,12,12,12.5,13.552,0.017188721689684636,0.017788606030600413,64.0,64.0,1.0,1.0,0.0,0.0,0.0,0.0,1.0,1.0,0.0,0.0,0.0,0.0,227.0,457.0,0.0,0.0,0.001,0.035,0.0,0.0,0.000477,0.016712
192.168.95.15,192.168.95.2,00:0c:29:4b:33:f1,00:0c:29:e0:b6:b9,192.168.95.15,192.168.95.2,IPV4-TCP,2025-02-13 06:32:48.069595,2025-02-13 06:32:48.567054,1739399568.069595,1739399568.567054,9.303438,9.800897,0.49746,15,14,1005,896,67,64,67,64,67.0,64.0,16162.106,14409.201,225,168,15,12,15,12,15.0,12.0,0.035532781055995395,0.03555068602928749,64.0,64.0,1.0,1.0,0.0,0.0,0.0,0.0,1.0,1.0,0.0,0.0,0.0,0.0,227.0,457.0,0.0,0.0,0.001,0.035,0.001,0.034,0.000808,0.034725
192.168.95.11,192.168.95.2,00:0c:29:4b:33:f1,00:0c:29:e0:b6:b9,192.168.95.11,192.168.95.2,IPV4-TCP,2025-02-13 06:32:48.136286,2025-02-13 06:32:48.634579,1739399568.136286,1739399568.634579,9.370129,9.868422,0.498294,30,30,1935,1965,65,67,64,64,64.5,65.5,31066.002,31547.645,375,405,13,15,12,12,12.5,13.5,0.01716923713684082,0.017173002506124562,64.0,64.0,1.0,1.0,0.0,0.0,0.0,0.0,1.0,1.0,0.0,0.0,0.0,0.0,227.0,457.0,0.0,0.0,0.001,0.035,0.0,0.0,0.00035,0.01682
192.168.95.12,192.168.95.2,00:0c:29:4b:33:f1,00:0c:29:e0:b6:b9,192.168.95.12,192.168.95.2,IPV4-TCP,2025-02-13 06:32:48.137041,2025-02-13 06:32:48.635363,1739399568.137041,1739399568.635363,9.370884,9.869206,0.498323,30,30,1935,1965,65,67,64,64,64.5,65.5,31064.189,31545.804,375,405,13,15,12,12,12.5,13.5,0.017169730416659652,0.017173413572640253,64.0,64.0,1.0,1.0,0.0,0.0,0.0,0.0,1.0,1.0,0.0,0.0,0.0,0.0,227.0,457.0,0.0,0.0,0.0,0.035,0.0,0.0,0.000322,0.016851
192.168.95.13,192.168.95.2,00:0c:29:4b:33:f1,00:0c:29:e0:b6:b9,192.168.95.13,192.168.95.2,IPV4-TCP,2025-02-13 06:32:48.137792,2025-02-13 06:32:48.636111,1739399568.137792,1739399568.636111,9.371635,9.869954,0.49832,30,30,1935,1965,65,67,64,64,64.5,65.5,31064.382,31546.0,375,405,13,15,12,12,12.5,13.5,0.017170379901754445,0.017175271593291182,64.0,64.0,1.0,1.0,0.0,0.0,0.0,0.0,1.0,1.0,0.0,0.0,0.0,0.0,227.0,457.0,0.0,0.0,0.0,0.035,0.0,0.0,0.000301,0.016872
192.168.95.2,192.168.95.5,00:0c:29:e0:b6:b9,00:0c:29:07:f9:1e,192.168.95.2,192.168.95.5,IPV4-TCP,2025-02-13 06:32:48.420245,2025-02-13 06:32:48.917804,1739399568.420245,1739399568.917804,9.654088,10.151647,0.49756,20,30,1205,1660,87,64,52,52,60.25,55.333,19374.545,26690.245,125,60,35,12,0,0,6.25,2.0,0.026167844471178557,0.01715720933059166,64.0,64.0,1.0,0.833,0.0,0.0,0.25,0.167,0.25,0.167,0.25,0.167,0.0,0.0,7579.75,5057.5,0.0,0.0,0.006,0.051,0.0,0.0,0.000519,0.008418
192.168.95.14,192.168.95.2,00:0c:29:4b:33:f1,00:0c:29:e0:b6:b9,192.168.95.14,192.168.95.2,IPV4-TCP,2025-02-13 06:32:48.565393,2025-02-13 06:32:49.063983,1739399568.565393,1739399569.063983,9.799236,10.297826,0.498591,15,15,975,960,65,64,65,64,65.0,64.0,15644.085,15403.407,195,180,13,12,13,12,13.0,12.0,0.0355532169342041,0.03555142879486084,64.0,64.0,1.0,1.0,0.0,0.0,0.0,0.0,1.0,1.0,0.0,0.0,0.0,0.0,227.0,457.0,0.0,0.0,0.001,0.035,0.001,0.034,0.000953,0.034593
192.168.95.10,192.168.95.2,00:0c:29:4b:33:f1,00:0c:29:e0:b6:b9,192.168.95.10,192.168.95.2,IPV4-TCP,2025-02-13 06:32:48.597772,2025-02-13 06:32:49.096660,1739399568.597772,1739399569.09666,9.831615,10.330503,0.498889,30,30,1935,1965,65,67,64,64,64.5,65.5,31028.945,31510.014,375,405,13,15,12,12,12.5,13.5,0.017180270162122004,0.017189938446571087,64.0,64.0,1.0,1.0,0.0,0.0,0.0,0.0,1.0,1.0,0.0,0.0,0.0,0.0,227.0,457.0,0.0,0.0,0.001,0.035,0.0,0.0,0.000464,0.016723
192.168.95.15,192.168.95.2,00:0c:29:4b:33:f1,00:0c:29:e0:b6:b9,192.168.95.15,192.168.95.2,IPV4-TCP,2025-02-13 06:32:48.601854,2025-02-13 06:32:49.100940,1739399568.601854,1739399569.10094,9.835697,10.334783,0.499087,15,15,1005,960,67,64,67,64,67.0,64.0,16109.419,15388.102,225,180,15,12,15,12,15.0,12.0,0.03558356421334403,0.035593628883361816,64.0,64.0,1.0,1.0,0.0,0.0,0.0,0.0,1.0,1.0,0.0,0.0,0.0,0.0,227.0,457.0,0.0,0.0,0.001,0.035,0.001,0.034,0.000939,0.034643
192.168.95.11,192.168.95.2,00:0c:29:4b:33:f1,00:0c:29:e0:b6:b9,192.168.95.11,192.168.95.2,IPV4-TCP,2025-02-13 06:32:48.669598,2025-02-13 06:32:49.168601,1739399568.669598,1739399569.168601,9.903441,10.402444,0.499004,30,30,1935,1965,65,67,64,64,64.5,65.5,31021.8,31502.758,375,405,13,15,12,12,12.5,13.5,0.01718675679173963,0.017194377964940565,64.0,64.0,1.0,1.0,0.0,0.0,0.0,0.0,1.0,1.0,0.0,0.0,0.0,0.0,227.0,457.0,0.0,0.0,0.001,0.035,0.0,0.0,0.000345,0.01685
192.168.95.12,192.168.95.2,00:0c:29:4b:33:f1,00:0c:29:e0:b6:b9,192.168.95.12,192.168.95.2,IPV4-TCP,2025-02-13 06:32:48.670563,2025-02-13 06:32:49.169530,1739399568.670563,1739399569.16953,9.904406,10.403373,0.498968,30,30,1935,1965,65,67,64,64,64.5,65.5,31024.038,31505.031,375,405,13,15,12,12,12.5,13.5,0.017194271087646484,0.017192487058968378,64.0,64.0,1.0,1.0,0.0,0.0,0.0,0.0,1.0,1.0,0.0,0.0,0.0,0.0,227.0,457.0,0.0,0.0,0.001,0.036,0.0,0.0,0.000326,0.016869
192.168.95.13,192.168.95.2,00:0c:29:4b:33:f1,00:0c:29:e0:b6:b9,192.168.95.13,192.168.95.2,IPV4-TCP,2025-02-13 06:32:48.671186,2025-02-13 06:32:49.170256,1739399568.671186,1739399569.170256,9.905029,10.404099,0.499071,30,30,1935,1965,65,67,64,64,64.5,65.5,31017.635,31498.529,375,405,13,15,12,12,12.5,13.5,0.017198135112893993,0.017200379536069673,64.0,64.0,1.0,1.0,0.0,0.0,0.0,0.0,1.0,1.0,0.0,0.0,0.0,0.0,227.0,457.0,0.0,0.0,0.001,0.036,0.0,0.0,0.000312,0.016886
192.168.95.2,192.168.95.5,00:0c:29:e0:b6:b9,00:0c:29:07:f9:1e,192.168.95.2,192.168.95.5,IPV4-TCP,2025-02-13 06:32:48.968361,2025-02-13 06:32:49.421954,1739399568.968361,1739399569.421954,10.202204,10.655797,0.453594,21,32,1232,1764,87,64,52,52,58.667,55.125,21728.682,31111.522,100,60,35,12,0,0,4.762,1.875,0.022652101516723634,0.014632032763573432,64.0,64.0,1.0,0.844,0.0,0.0,0.286,0.188,0.238,0.156,0.238,0.156,0.0,0.0,7240.381,4755.719,0.0,0.0,0.001,0.051,0.0,0.0,0.000179,0.009989
192.168.95.14,192.168.95.2,00:0c:29:4b:33:f1,00:0c:29:e0:b6:b9,192.168.95.14,192.168.95.2,IPV4-TCP,2025-02-13 06:32:49.099204,2025-02-13 06:32:49.566676,1739399569.099204,1739399569.566676,10.333047,10.800519,0.467473,14,14,910,896,65,64,65,64,65.0,64.0,15573.097,15333.511,182,168,13,12,13,12,13.0,12.0,0.035889845628004804,0.03588368342472957,64.0,64.0,1.0,1.0,0.0,0.0,0.0,0.0,1.0,1.0,0.0,0.0,0.0,0.0,227.0,457.0,0.0,0.0,0.002,0.036,0.001,0.034,0.001034,0.034845
192.168.95.10,192.168.95.2,00:0c:29:4b:33:f1,00:0c:29:e0:b6:b9,192.168.95.10,192.168.95.2,IPV4-TCP,2025-02-13 06:32:49.131574,2025-02-13 06:32:49.598854,1739399569.131574,1739399569.598854,10.365417,10.832697,0.467281,28,28,1806,1834,65,67,64,64,64.5,65.5,30919.287,31398.656,350,378,13,15,12,12,12.5,13.5,0.01728530283327456,0.017293152985749422,64.0,64.0,1.0,1.0,0.0,0.0,0.0,0.0,1.0,1.0,0.0,0.0,0.0,0.0,227.0,457.0,0.0,0.0,0.001,0.037,0.0,0.0,0.000488,0.016801
192.168.95.15,192.168.95.2,00:0c:29:4b:33:f1,00:0c:29:e0:b6:b9,192.168.95.15,192.168.95.2,IPV4-TCP,2025-02-13 06:32:49.135323,2025-02-13 06:32:49.602558,1739399569.135323,1739399569.602558,10.369166,10.836401,0.467236,14,14,938,896,67,64,67,64,67.0,64.0,16060.411,15341.289,210,168,15,12,15,12,15.0,12.0,0.03588430698101337,0.035876916005061224,64.0,64.0,1.0,1.0,0.0,0.0,0.0,0.0,1.0,1.0,0.0,0.0,0.0,0.0,227.0,457.0,0.0,0.0,0.001,0.037,0.001,0.034,0.000869,0.035005
192.168.95.11,192.168.95.2,00:0c:29:4b:33:f1,00:0c:29:e0:b6:b9,192.168.95.11,192.168.95.2,IPV4-TCP,2025-02-13 06:32:49.203955,2025-02-13 06:32:49.669979,1739399569.203955,1739399569.669979,10.437798,10.903822,0.466025,28,28,1806,1834,65,67,64,64,64.5,65.5,31002.618,31483.279,350,378,13,15,12,12,12.5,13.5,0.01724559289437753,0.017251191315827547,64.0,64.0,1.0,1.0,0.0,0.0,0.0,0.0,1.0,1.0,0.0,0.0,0.0,0.0,227.0,457.0,0.0,0.0,0.0,0.037,0.0,0.0,0.000334,0.016914
192.168.95.12,192.168.95.2,00:0c:29:4b:33:f1,00:0c:29:e0:b6:b9,192.168.95.12,192.168.95.2,IPV4-TCP,2025-02-13 06:32:49.204721,2025-02-13 06:32:49.670824,1739399569.204721,1739399569.670824,10.438564,10.904667,0.466104,28,30,1806,1938,65,67,64,52,64.5,64.6,30997.369,33262.957,350,378,13,15,12,0,12.5,12.6,0.017247517903645832,0.0160567596040923,64.0,64.0,1.0,1.0,0.0,0.0,0.0,0.0,1.0,0.933,0.0,0.0,0.0,0.0,227.0,457.0,0.0,0.0,0.001,0.037,0.0,0.0,0.000336,0.017015
192.168.95.13,192.168.95.2,00:0c:29:4b:33:f1,00:0c:29:e0:b6:b9,192.168.95.13,192.168.95.2,IPV4-TCP,2025-02-13 06:32:49.205450,2025-02-13 06:32:49.671561,1739399569.20545,1739399569.671561,10.439293,10.905404,0.466112,28,28,1806,1834,65,67,64,64,64.5,65.5,30996.846,31477.417,350,378,13,15,12,12,12.5,13.5,0.01725089108502423,0.01725459098815918,64.0,64.0,1.0,1.0,0.0,0.0,0.0,0.0,1.0,1.0,0.0,0.0,0.0,0.0,227.0,457.0,0.0,0.0,0.001,0.037,0.0,0.0,0.000349,0.016901
192.168.95.2,192.168.95.5,00:0c:29:e0:b6:b9,00:0c:29:07:f9:1e,192.168.95.2,192.168.95.5,IPV4-TCP,2025-02-13 06:32:49.516762,2025-02-13 06:32:49.968965,1739399569.516762,1739399569.968965,10.750605,11.202808,0.452204,24,36,1431,1992,87,64,52,52,59.625,55.333,25316.006,35240.729,135,72,35,12,0,0,5.625,2.0,0.019652304442032524,0.012920086724417551,64.0,64.0,1.0,0.833,0.0,0.0,0.25,0.167,0.25,0.167,0.25,0.167,0.0,0.0,7579.75,5057.5,0.0,0.0,0.0,0.051,0.0,0.0,0.000107,0.008672
192.168.95.14,192.168.95.2,00:0c:29:4b:33:f1,00:0c:29:e0:b6:b9,192.168.95.14,192.168.95.2,IPV4-TCP,2025-02-13 06:32:49.600776,2025-02-13 06:32:50.096557,1739399569.600776,1739399570.096557,10.834619,11.3304,0.495782,15,15,975,960,65,64,65,64,65.0,64.0,15732.723,15490.681,195,180,13,12,13,12,13.0,12.0,0.03534707001277378,0.03532857554299491,64.0,64.0,1.0,1.0,0.0,0.0,0.0,0.0,1.0,1.0,0.0,0.0,0.0,0.0,227.0,457.0,0.0,0.0,0.001,0.035,0.001,0.034,0.000936,0.03441
192.168.95.10,192.168.95.2,00:0c:29:4b:33:f1,00:0c:29:e0:b6:b9,192.168.95.10,192.168.95.2,IPV4-TCP,2025-02-13 06:32:49.632958,2025-02-13 06:32:50.129177,1739399569.632958,1739399570.129177,10.866801,11.36302,0.49622,30,30,1935,1965,65,67,64,64,64.5,65.5,31195.831,31679.487,375,405,13,15,12,12,12.5,13.5,0.01709458745759109,0.017101312505787815,64.0,64.0,1.0,1.0,0.0,0.0,0.0,0.0,1.0,1.0,0.0,0.0,0.0,0.0,227.0,457.0,0.0,0.0,0.001,0.035,0.0,0.0,0.000467,0.016627
192.168.95.15,192.168.95.2,00:0c:29:4b:33:f1,00:0c:29:e0:b6:b9,192.168.95.15,192.168.95.2,IPV4-TCP,2025-02-13 06:32:49.636736,2025-02-13 06:32:50.133120,1739399569.636736,1739399570.13312,10.870579,11.366963,0.496385,15,15,1005,960,67,64,67,64,67.0,64.0,16197.1,15471.857,225,180,15,12,15,12,15.0,12.0,0.03540221282414028,0.035400288445608954,64.0,64.0,1.0,1.0,0.0,0.0,0.0,0.0,1.0,1.0,0.0,0.0,0.0,0.0,227.0,457.0,0.0,0.0,0.001,0.035,0.001,0.034,0.000802,0.034596
192.168.95.11,192.168.95.2,00:0c:29:4b:33:f1,00:0c:29:e0:b6:b9,192.168.95.11,192.168.95.2,IPV4-TCP,2025-02-13 06:32:49.704647,2025-02-13 06:32:50.200603,1739399569.704647,1739399570.200603,10.93849,11.434446,0.495957,30,30,1935,1965,65,67,64,64,64.5,65.5,31212.387,31696.3,375,405,13,15,12,12,12.5,13.5,0.017089103830271755,0.017090238373855066,64.0,64.0,1.0,1.0,0.0,0.0,0.0,0.0,1.0,1.0,0.0,0.0,0.0,0.0,227.0,457.0,0.0,0.0,0.0,0.035,0.0,0.0,0.000304,0.016788
192.168.95.12,192.168.95.2,00:0c:29:4b:33:f1,00:0c:29:e0:b6:b9,192.168.95.12,192.168.95.2,IPV4-TCP,2025-02-13 06:32:49.705300,2025-02-13 06:32:50.201235,1739399569.7053,1739399570.201235,10.939143,11.435078,0.495936,30,30,1935,1965,65,67,64,64,64.5,65.5,31213.707,31697.641,375,405,13,15,12,12,12.5,13.5,0.017089967069954706,0.017093066511483027,64.0,64.0,1.0,1.0,0.0,0.0,0.0,0.0,1.0,1.0,0.0,0.0,0.0,0.0,227.0,457.0,0.0,0.0,0.0,0.035,0.0,0.0,0.000299,0.016792
192.168.95.13,192.168.95.2,00:0c:29:4b:33:f1,00:0c:29:e0:b6:b9,192.168.95.13,192.168.95.2,IPV4-TCP,2025-02-13 06:32:49.705922,2025-02-13 06:32:50.201852,1739399569.705922,1739399570.201852,10.939765,11.435695,0.495931,30,30,1935,1965,65,67,64,64,64.5,65.5,31214.007,31697.946,375,405,13,15,12,12,12.5,13.5,0.017088207705267543,0.017093173388777107,64.0,64.0,1.0,1.0,0.0,0.0,0.0,0.0,1.0,1.0,0.0,0.0,0.0,0.0,227.0,457.0,0.0,0.0,0.001,0.035,0.0,0.0,0.000309,0.016782
192.168.95.2,192.168.95.5,00:0c:29:e0:b6:b9,00:0c:29:07:f9:1e,192.168.95.2,192.168.95.5,IPV4-TCP,2025-02-13 06:32:50.116470,2025-02-13 06:32:50.569758,1739399570.11647,1739399570.569758,11.350313,11.803601,0.453289,23,34,1379,1888,87,64,52,52,59.957,55.529,24337.683,33320.917,135,72,35,12,0,0,5.87,2.118,0.020593675700100986,0.013735995148167465,64.0,64.0,1.0,0.824,0.0,0.0,0.217,0.147,0.261,0.176,0.261,0.176,0.0,0.0,7889.609,5341.529,0.0,0.0,0.0,0.051,0.0,0.0,0.000117,0.009235
192.168.95.14,192.168.95.2,00:0c:29:4b:33:f1,00:0c:29:e0:b6:b9,192.168.95.14,192.168.95.2,IPV4-TCP,2025-02-13 06:32:50.131379,2025-02-13 06:32:50.625909,1739399570.131379,1739399570.625909,11.365222,11.859752,0.494531,15,15,975,960,65,64,65,64,65.0,64.0,15772.513,15529.859,195,180,13,12,13,12,13.0,12.0,0.0352583612714495,0.03526415143694196,64.0,64.0,1.0,1.0,0.0,0.0,0.0,0.0,1.0,1.0,0.0,0.0,0.0,0.0,227.0,457.0,0.0,0.0,0.001,0.035,0.001,0.034,0.000918,0.03434
192.168.95.10,192.168.95.2,00:0c:29:4b:33:f1,00:0c:29:e0:b6:b9,192.168.95.10,192.168.95.2,IPV4-TCP,2025-02-13 06:32:50.163701,2025-02-13 06:32:50.658257,1739399570.163701,1739399570.658257,11.397544,11.8921,0.494557,30,30,1935,1965,65,67,64,64,64.5,65.5,31300.743,31786.026,375,405,13,15,12,12,12.5,13.5,0.017039035928660427,0.017041790074315565,64.0,64.0,1.0,1.0,0.0,0.0,0.0,0.0,1.0,1.0,0.0,0.0,0.0,0.0,227.0,457.0,0.0,0.0,0.001,0.035,0.0,0.0,0.000432,0.016607
192.168.95.15,192.168.95.2,00:0c:29:4b:33:f1,00:0c:29:e0:b6:b9,192.168.95.15,192.168.95.2,IPV4-TCP,2025-02-13 06:32:50.167404,2025-02-13 06:32:50.661951,1739399570.167404,1739399570.661951,11.401247,11.895794,0.494548,15,15,1005,960,67,64,67,64,67.0,64.0,16257.265,15529.328,225,180,15,12,15,12,15.0,12.0,0.03526200566973005,0.03527200222015381,64.0,64.0,1.0,1.0,0.0,0.0,0.0,0.0,1.0,1.0,0.0,0.0,0.0,0.0,227.0,457.0,0.0,0.0,0.001,0.035,0.001,0.034,0.000808,0.034459
192.168.95.11,192.168.95.2,00:0c:29:4b:33:f1,00:0c:29:e0:b6:b9,192.168.95.11,192.168.95.2,IPV4-TCP,2025-02-13 06:32:50.235190,2025-02-13 06:32:50.729577,1739399570.23519,1739399570.729577,11.469033,11.96342,0.494388,30,30,1935,1965,65,67,64,64,64.5,65.5,31311.43,31796.879,375,405,13,15,12,12,12.5,13.5,0.017035040362127895,0.017034070245150863,64.0,64.0,1.0,1.0,0.0,0.0,0.0,0.0,1.0,1.0,0.0,0.0,0.0,0.0,227.0,457.0,0.0,0.0,0.0,0.035,0.0,0.0,0.000331,0.016705
192.168.95.12,192.168.95.2,00:0c:29:4b:33:f1,00:0c:29:e0:b6:b9,192.168.95.12,192.168.95.2,IPV4-TCP,2025-02-13 06:32:50.235835,2025-02-13 06:32:50.730246,1739399570.235835,1739399570.730246,11.469678,11.964089,0.494412,30,30,1935,1965,65,67,64,64,64.5,65.5,31309.92,31795.345,375,405,13,15,12,12,12.5,13.5,0.017037794507783036,0.017041033711926692,64.0,64.0,1.0,1.0,0.0,0.0,0.0,0.0,1.0,1.0,0.0,0.0,0.0,0.0,227.0,457.0,0.0,0.0,0.0,0.035,0.0,0.0,0.000309,0.016729
192.168.95.13,192.168.95.2,00:0c:29:4b:33:f1,00:0c:29:e0:b6:b9,192.168.95.13,192.168.95.2,IPV4-TCP,2025-02-13 06:32:50.236412,2025-02-13 06:32:50.730931,1739399570.236412,1739399570.730931,11.470255,11.964774,0.49452,30,30,1935,1965,65,67,64,64,64.5,65.5,31303.082,31788.401,375,405,13,15,12,12,12.5,13.5,0.017040449997474408,0.017043582324323982,64.0,64.0,1.0,1.0,0.0,0.0,0.0,0.0,1.0,1.0,0.0,0.0,0.0,0.0,227.0,457.0,0.0,0.0,0.0,0.035,0.0,0.0,0.000303,0.016739
192.168.95.2,192.168.95.5,00:0c:29:e0:b6:b9,00:0c:29:07:f9:1e,192.168.95.2,192.168.95.5,IPV4-TCP,2025-02-13 06:32:50.620198,2025-02-13 06:32:50.717631,1739399570.620198,1739399570.717631,11.854041,11.951474,0.097434,4,6,251,332,87,64,52,52,62.75,55.333,20608.803,27259.453,35,12,35,12,0,0,8.75,2.0,0.032309929529825844,0.019486618041992188,64.0,64.0,1.0,0.833,0.0,0.0,0.25,0.167,0.25,0.167,0.25,0.167,0.0,0.0,7579.75,5057.5,0.0,0.0,0.0,0.0,0.0,0.0,0.000122,0.000293
192.168.95.14,192.168.95.2,00:0c:29:4b:33:f1,00:0c:29:e0:b6:b9,192.168.95.14,192.168.95.2,IPV4-TCP,2025-02-13 06:32:50.660359,2025-02-13 06:32:50.731838,1739399570.660359,1739399570.731838,11.894202,11.965681,0.07148,3,3,195,192,65,64,65,64,65.0,64.0,21824.261,21488.504,39,36,13,12,13,12,13.0,12.0,0.03532552719116211,0.035312533378601074,64.0,64.0,1.0,1.0,0.0,0.0,0.0,0.0,1.0,1.0,0.0,0.0,0.0,0.0,227.0,457.0,0.0,0.0,0.001,0.034,0.001,0.034,0.000835,0.034487
192.168.95.10,192.168.95.2,00:0c:29:4b:33:f1,00:0c:29:e0:b6:b9,192.168.95.10,192.168.95.2,IPV4-TCP,2025-02-13 06:32:50.692683,2025-02-13 06:32:50.728690,1739399570.692683,1739399570.72869,11.926526,11.962533,0.036008,4,4,258,262,65,67,64,64,64.5,65.5,57320.711,58209.404,50,54,13,15,12,12,12.5,13.5,0.011834939320882162,0.011892318725585938,64.0,64.0,1.0,1.0,0.0,0.0,0.0,0.0,1.0,1.0,0.0,0.0,0.0,0.0,227.0,457.0,0.0,0.0,0.001,0.034,0.0,0.0,0.000426,0.011435
192.168.95.15,192.168.95.2,00:0c:29:4b:33:f1,00:0c:29:e0:b6:b9,192.168.95.15,192.168.95.2,IPV4-TCP,2025-02-13 06:32:50.696515,2025-02-13 06:32:50.732662,1739399570.696515,1739399570.732662,11.930358,11.966505,0.036148,2,2,134,128,67,64,67,64,67.0,64.0,29655.958,28328.08,30,24,15,12,15,12,15.0,12.0,0.03543591499328613,0.03536486625671387,64.0,64.0,1.0,1.0,0.0,0.0,0.0,0.0,1.0,1.0,0.0,0.0,0.0,0.0,227.0,457.0,0.0,0.0,0.001,0.035,0.001,0.035,0.000746,0.034654
